date,strategy,n_holdings,expected_return,realized_return
2025-01-02,conservative,10,0.005700765177607536,0.0284988848486836
2025-01-02,aggressive,5,0.011279959231615067,0.06964671786961711
2025-01-02,equal_weight,29,,0.01057939748495614
2025-01-06,conservative,10,0.005471000447869301,-0.0009574385396844346
2025-01-06,aggressive,5,0.010715647600591183,0.0014554987300922524
2025-01-06,equal_weight,29,,-0.006840604852690144
2025-01-13,conservative,10,0.00547007005661726,0.01660851990490461
2025-01-13,aggressive,5,0.010962641797959805,0.03419443943947545
2025-01-13,equal_weight,29,,0.012364699408887493
2025-01-20,conservative,10,0.004963291808962822,-0.00871968454161193
2025-01-20,aggressive,5,0.009697675704956055,-0.024609440216626335
2025-01-20,equal_weight,29,,0.003146695415540376
2025-01-31,conservative,10,0.005153403151780367,-0.0053414982020205636
2025-01-31,aggressive,4,0.011263658292591572,-0.018916489100441473
2025-01-31,equal_weight,29,,0.00044708522135414124
2025-02-03,conservative,10,0.005129695404320955,0.007794355235293883
2025-02-03,aggressive,5,0.010066325776278973,0.03298679576974719
2025-02-03,equal_weight,29,,0.014326059962395846
2025-02-10,conservative,10,0.00522968266159296,0.011114633408068978
2025-02-10,aggressive,4,0.011533456854522228,0.025158686672021324
2025-02-10,equal_weight,29,,0.01051896447963074
2025-02-17,conservative,10,0.004750138148665428,0.0021099978542910396
2025-02-17,aggressive,4,0.011078255251049995,0.02837857806212938
2025-02-17,equal_weight,29,,-0.004117731952152007
2025-02-24,conservative,10,0.004394830204546452,-0.025565902315330236
2025-02-24,aggressive,3,0.013436324894428253,-0.06863801242407894
2025-02-24,equal_weight,29,,-0.015424658459690281
2025-03-04,conservative,10,0.004393190145492554,-0.0017205122683824636
2025-03-04,aggressive,3,0.012778179720044136,-0.008287087518338763
2025-03-04,equal_weight,29,,-0.01129011872104082
2025-03-10,conservative,10,0.005669482052326202,0.006444866949030644
2025-03-10,aggressive,5,0.011021975427865982,0.017051164208116962
2025-03-10,equal_weight,29,,-0.0007837390323870988
2025-03-17,conservative,10,0.005451446399092674,0.0021767414678492913
2025-03-17,aggressive,4,0.011548560112714767,0.0011056298091455
2025-03-17,equal_weight,29,,0.012683271222041676
2025-03-24,conservative,10,0.004931577946990728,-0.015603492664206325
2025-03-24,aggressive,3,0.014231879264116287,-0.054096185188649705
2025-03-24,equal_weight,29,,-0.019894582076590252
2025-03-31,conservative,10,0.0047722565941512585,-0.03293374934101481
2025-03-31,aggressive,3,0.013552065938711166,-0.08509670701189313
2025-03-31,equal_weight,29,,-0.06724764156818112
2025-04-07,conservative,10,0.005653242580592632,0.020048274502739383
2025-04-07,aggressive,5,0.010644890367984772,0.054288294620423116
2025-04-07,equal_weight,29,,0.034053053230779035
2025-04-14,conservative,10,0.005815992131829262,0.0030487962664013115
2025-04-14,aggressive,7,0.010513747110962868,-0.0010119439027468195
2025-04-14,equal_weight,29,,-0.000599821816235116
2025-04-21,conservative,10,0.005671861115843058,0.010666175404854709
2025-04-21,aggressive,6,0.010167919099330902,0.015295550768539173
2025-04-21,equal_weight,29,,0.02463265544200172
2025-04-28,conservative,10,0.005802813917398453,-0.0064245239667643835
2025-04-28,aggressive,6,0.010098285973072052,-0.008173944241729549
2025-04-28,equal_weight,29,,-0.004642238849659934
2025-05-07,conservative,10,0.005721402820199728,0.01329003689958941
2025-05-07,aggressive,6,0.010388382710516453,0.024518566297734665
2025-05-07,equal_weight,29,,0.02328571456192421
2025-05-12,conservative,10,0.005236598197370768,-0.012001192318372341
2025-05-12,aggressive,4,0.011248174123466015,-0.024895936793446174
2025-05-12,equal_weight,29,,-0.000565256511251807
2025-05-19,conservative,10,0.0050758179277181625,-0.007388876656966559
2025-05-19,aggressive,3,0.01268361508846283,-0.012334657448240418
2025-05-19,equal_weight,29,,-0.008819611343253318
2025-05-26,conservative,10,0.005118723027408123,0.012104837425534254
2025-05-26,aggressive,3,0.012552864849567413,0.031220703085290208
2025-05-26,equal_weight,29,,0.009313354194051344
2025-06-02,conservative,10,0.004660091362893581,0.01935659966241569
2025-06-02,aggressive,3,0.012183403596282005,0.05086706329268212
2025-06-02,equal_weight,29,,0.029722625782458753
2025-06-09,conservative,10,0.004600986838340759,0.014579499065038635
2025-06-09,aggressive,3,0.01222744770348072,0.04408280816498205
2025-06-09,equal_weight,29,,0.012770331599565875
2025-06-16,conservative,10,0.004229568876326084,0.009384734928111647
2025-06-16,aggressive,3,0.011508259922266006,0.024933035861900665
2025-06-16,equal_weight,29,,0.007116892537628697
2025-06-23,conservative,10,0.004140856210142374,-0.008411655958137872
2025-06-23,aggressive,3,0.010337380692362785,-0.033574606203921636
2025-06-23,equal_weight,29,,0.005733647242691697
2025-06-30,conservative,10,0.003935032989829779,0.01341783760823183
2025-06-30,aggressive,3,0.010420737788081169,0.02768121047353858
2025-06-30,equal_weight,29,,0.010649581706651446
2025-07-07,conservative,10,0.0038787107914686203,0.008048641997240199
2025-07-07,aggressive,3,0.010385182686150074,0.029454828062183032
2025-07-07,equal_weight,29,,0.01746220998334195
2025-07-14,conservative,10,0.003221633145585656,0.003428450218976523
2025-07-14,aggressive,2,0.011457577347755432,0.016924950026006802
2025-07-14,equal_weight,29,,0.0052750829540407955
2025-07-21,conservative,10,0.0031017805449664593,0.0011837574987171428
2025-07-21,aggressive,2,0.010709583759307861,0.0145417084654858
2025-07-21,equal_weight,29,,-0.0013565107754113998
2025-07-28,conservative,10,0.0031869374215602875,-0.003943248330092937
2025-07-28,aggressive,2,0.011840688064694405,-0.0154671494568022
2025-07-28,equal_weight,29,,-0.010599489029660647
2025-08-04,conservative,10,0.0035945852287113667,0.008272505529175416
2025-08-04,aggressive,2,0.012893922626972198,0.007835728569354099
2025-08-04,equal_weight,29,,0.014599277588386117
2025-08-11,conservative,10,0.003241414437070489,0.00018145546894881556
2025-08-11,aggressive,2,0.012342802248895168,-0.0069281402354906
2025-08-11,equal_weight,29,,-0.0002856377779454444
2025-08-18,conservative,10,0.0032198952976614237,0.005121242667916925
2025-08-18,aggressive,2,0.012530086562037468,0.0165116167115233
2025-08-18,equal_weight,29,,0.005337570132108441
2025-08-25,conservative,10,0.003647650359198451,-0.005797896651339907
2025-08-25,aggressive,2,0.013164008036255836,-0.041550628519756445
2025-08-25,equal_weight,29,,-0.0009111550751331929
2025-09-01,conservative,10,0.003487475449219346,0.004654432298172018
2025-09-01,aggressive,2,0.013467734679579735,-0.009885154797650751
2025-09-01,equal_weight,29,,0.00841012978086798
2025-09-08,conservative,10,0.00341678480617702,0.008751743292036308
2025-09-08,aggressive,2,0.012359855696558952,0.01302193122469995
2025-09-08,equal_weight,29,,0.0198826130239762
2025-09-15,conservative,10,0.0032864396926015615,0.0060511291160647695
2025-09-15,aggressive,2,0.013482943177223206,0.000729438396837
2025-09-15,equal_weight,29,,0.009678444187969088
2025-09-22,conservative,10,0.003927674610167742,0.0014178283666858782
2025-09-22,aggressive,2,0.013972723856568336,0.008395319245425
2025-09-22,equal_weight,29,,0.005460784833093996
2025-09-29,conservative,10,0.0042935763485729694,-0.0008386124858142179
2025-09-29,aggressive,2,0.014063555747270584,-0.0369708542981446
2025-09-29,equal_weight,29,,0.017662408356028086
2025-10-10,conservative,10,0.004196742083877325,0.011145698587550875
2025-10-10,aggressive,2,0.014736177399754524,0.07385288328562206
2025-10-10,equal_weight,29,,0.014676909250036162
2025-10-13,conservative,10,0.004160840529948473,0.018072640424427792
2025-10-13,aggressive,2,0.014207551255822182,0.08060058328674904
2025-10-13,equal_weight,29,,0.01866626348453231
2025-10-20,conservative,10,0.003907185513526201,0.029730524266277574
2025-10-20,aggressive,2,0.013341382145881653,0.10684197337033274
2025-10-20,equal_weight,29,,0.018987176610865526
2025-10-27,conservative,10,0.003810604801401496,-0.004505914297737884
2025-10-27,aggressive,2,0.01280073169618845,-0.01018577675107835
2025-10-27,equal_weight,29,,0.0018247587899812385
2025-11-03,conservative,10,0.003790793940424919,-0.003688169245658005
2025-11-03,aggressive,2,0.013904521241784096,-0.02409191490797025
2025-11-03,equal_weight,29,,0.0021313885363831646
2025-11-10,conservative,10,0.004175894428044558,0.0006815058292981334
2025-11-10,aggressive,2,0.013865530490875244,-0.004414756537200351
2025-11-10,equal_weight,29,,3.695251797404482e-05
2025-11-17,conservative,10,0.004260759800672531,-0.013893337790444568
2025-11-17,aggressive,2,0.014127650298178196,-0.06651518491048874
2025-11-17,equal_weight,29,,-0.01641818531191649
2025-11-24,conservative,10,0.004439275711774826,0.015930069513097465
2025-11-24,aggressive,2,0.014606551267206669,0.047123352929313196
2025-11-24,equal_weight,29,,0.02253347382642469
2025-12-01,conservative,10,0.004320708103477955,0.008180838457931819
2025-12-01,aggressive,2,0.01412838976830244,0.034464259447982454
2025-12-01,equal_weight,29,,0.010960516961530015
2025-12-08,conservative,10,0.00398717075586319,-0.0029076618331135215
2025-12-08,aggressive,2,0.014008862897753716,-0.0278895419840035
2025-12-08,equal_weight,29,,-0.0026326716167206447
2025-12-15,conservative,10,0.004172301385551691,-0.007441047837936806
2025-12-15,aggressive,2,0.014420920982956886,-0.0531004140298236
2025-12-15,equal_weight,29,,0.003776915714803941
2025-12-22,conservative,10,0.00421130983158946,-0.006285733778682759
2025-12-22,aggressive,2,0.014091136865317822,-0.0173116123453893
2025-12-22,equal_weight,29,,-0.0053675383076869955
