epoch,step,train_loss_epoch,train_loss_step,val_MAE,val_RMSE,val_loss
0,49,,0.010491514578461647,,,
0,99,,0.012680888175964355,,,
0,149,,0.011655116453766823,,,
0,199,,0.01431533694267273,,,
0,249,,0.012504944577813148,,,
0,299,,0.013598030433058739,,,
0,349,,0.012760351411998272,,,
0,399,,0.01435706578195095,,,
0,449,,0.011670018546283245,,,
0,499,,0.014391492120921612,,,
0,549,,0.01167442835867405,,,
0,599,,0.01128870714455843,,,
0,649,,0.014710703864693642,,,
0,699,,0.011276168748736382,,,
0,749,,0.011803369037806988,,,
0,799,,0.014162858948111534,,,
0,849,,0.010987743735313416,,,
0,899,,0.011320671066641808,,,
0,949,,0.01213196199387312,,,
0,999,,0.01305457390844822,,,
0,1049,,0.01239275187253952,,,
0,1099,,0.011061741970479488,,,
0,1149,,0.012196492403745651,,,
0,1199,,0.013996687717735767,,,
0,1249,,0.011532595381140709,,,
0,1299,,0.012900996021926403,,,
0,1349,,0.011428674682974815,,,
0,1399,,0.011772200465202332,,,
0,1449,,0.010503405705094337,,,
0,1499,,0.010386121459305286,,,
0,1549,,0.01263044960796833,,,
0,1599,,0.012109408155083656,,,
0,1649,,0.012253167107701302,,,
0,1699,,0.011302387341856956,,,
0,1749,,0.009805610403418541,,,
0,1751,,,0.018711751326918602,0.02495957538485527,0.012102703563869
0,1751,0.012337401509284973,,,,
1,1799,,0.011498020961880684,,,
1,1849,,0.012796618044376373,,,
1,1899,,0.013333586975932121,,,
1,1949,,0.010357817634940147,,,
1,1999,,0.010649244301021099,,,
1,2049,,0.012993338517844677,,,
1,2099,,0.010075340047478676,,,
1,2149,,0.010639641433954239,,,
1,2199,,0.012911747209727764,,,
1,2249,,0.01170798297971487,,,
1,2299,,0.010490326210856438,,,
1,2349,,0.012571376748383045,,,
1,2399,,0.009807249531149864,,,
1,2449,,0.012392288073897362,,,
1,2499,,0.012444457039237022,,,
1,2549,,0.010365879163146019,,,
1,2599,,0.012928920798003674,,,
1,2649,,0.010859055444598198,,,
1,2699,,0.010684622451663017,,,
1,2749,,0.009740562178194523,,,
1,2799,,0.009202459827065468,,,
1,2849,,0.010989585891366005,,,
1,2899,,0.009629487060010433,,,
1,2949,,0.008893636055290699,,,
1,2999,,0.009855871088802814,,,
1,3049,,0.010965775698423386,,,
1,3099,,0.010196661576628685,,,
1,3149,,0.010715234093368053,,,
1,3199,,0.011439057998359203,,,
1,3249,,0.010706272907555103,,,
1,3299,,0.009043583646416664,,,
1,3349,,0.00962820090353489,,,
1,3399,,0.011251440271735191,,,
1,3449,,0.009835961274802685,,,
1,3499,,0.01012831274420023,,,
1,3503,,,0.016441820189356804,0.02210773341357708,0.010674056597054005
1,3503,0.010700411163270473,,,,
2,3549,,0.00965102482587099,,,
2,3599,,0.010991083458065987,,,
2,3649,,0.009289651177823544,,,
2,3699,,0.009563526138663292,,,
2,3749,,0.009502032771706581,,,
2,3799,,0.008770065382122993,,,
2,3849,,0.010166074149310589,,,
2,3899,,0.009963363409042358,,,
2,3949,,0.009317640215158463,,,
2,3999,,0.010202409699559212,,,
2,4049,,0.009997943416237831,,,
2,4099,,0.009900880977511406,,,
2,4149,,0.008753964677453041,,,
2,4199,,0.009630274958908558,,,
2,4249,,0.009853117167949677,,,
2,4299,,0.009545890614390373,,,
2,4349,,0.009252934716641903,,,
2,4399,,0.008983391337096691,,,
2,4449,,0.0104280486702919,,,
2,4499,,0.009778979234397411,,,
2,4549,,0.008805998601019382,,,
2,4599,,0.009910735301673412,,,
2,4649,,0.00964577030390501,,,
2,4699,,0.008130015805363655,,,
2,4749,,0.010206274688243866,,,
2,4799,,0.009384075179696083,,,
2,4849,,0.008805876597762108,,,
2,4899,,0.008919845335185528,,,
2,4949,,0.009584007784724236,,,
2,4999,,0.009027481079101562,,,
2,5049,,0.009360619820654392,,,
2,5099,,0.008893352001905441,,,
2,5149,,0.009683911688625813,,,
2,5199,,0.00965074636042118,,,
2,5249,,0.007843757048249245,,,
2,5255,,,0.01524039451032877,0.020565206184983253,0.009919428266584873
2,5255,0.009642227552831173,,,,
3,5299,,0.007700434885919094,,,
3,5349,,0.009293438866734505,,,
3,5399,,0.008567196317017078,,,
3,5449,,0.009650161489844322,,,
3,5499,,0.009203305467963219,,,
3,5549,,0.008870990946888924,,,
3,5599,,0.009540236555039883,,,
3,5649,,0.00952083058655262,,,
3,5699,,0.007808182388544083,,,
3,5749,,0.008818880654871464,,,
3,5799,,0.008780896663665771,,,
3,5849,,0.009058834984898567,,,
3,5899,,0.010747700929641724,,,
3,5949,,0.008132357150316238,,,
3,5999,,0.0087879728525877,,,
3,6049,,0.008762168698012829,,,
3,6099,,0.007629605941474438,,,
3,6149,,0.010085366666316986,,,
3,6199,,0.007894134148955345,,,
3,6249,,0.008169649168848991,,,
3,6299,,0.008796927519142628,,,
3,6349,,0.009247884154319763,,,
3,6399,,0.00912879966199398,,,
3,6449,,0.008284113369882107,,,
3,6499,,0.0085939671844244,,,
3,6549,,0.008590994402766228,,,
3,6599,,0.008692217990756035,,,
3,6649,,0.00939384289085865,,,
3,6699,,0.009022483602166176,,,
3,6749,,0.010156619362533092,,,
3,6799,,0.009897125884890556,,,
3,6849,,0.00829913280904293,,,
3,6899,,0.009465829469263554,,,
3,6949,,0.008457116782665253,,,
3,6999,,0.00849680695682764,,,
3,7007,,,0.014424633234739304,0.01950971782207489,0.0094044990837574
3,7007,0.008913882076740265,,,,
4,7049,,0.009068913757801056,,,
4,7099,,0.010117228142917156,,,
4,7149,,0.008346466347575188,,,
4,7199,,0.008729386143386364,,,
4,7249,,0.00861429888755083,,,
4,7299,,0.009360985830426216,,,
4,7349,,0.00807404238730669,,,
4,7399,,0.009003870189189911,,,
4,7449,,0.007728799246251583,,,
4,7499,,0.009402206167578697,,,
4,7549,,0.009429508820176125,,,
4,7599,,0.009260120801627636,,,
4,7649,,0.00836719386279583,,,
4,7699,,0.008357156999409199,,,
4,7749,,0.008558966219425201,,,
4,7799,,0.008071474730968475,,,
4,7849,,0.008373542688786983,,,
4,7899,,0.007794027682393789,,,
4,7949,,0.008320081047713757,,,
4,7999,,0.008603403344750404,,,
4,8049,,0.00888090766966343,,,
4,8099,,0.007518531288951635,,,
4,8149,,0.008266066201031208,,,
4,8199,,0.008599793538451195,,,
4,8249,,0.008600948378443718,,,
4,8299,,0.007674969732761383,,,
4,8349,,0.00850080419331789,,,
4,8399,,0.007413619663566351,,,
4,8449,,0.00835494976490736,,,
4,8499,,0.007612754590809345,,,
4,8549,,0.006759373936802149,,,
4,8599,,0.009276123717427254,,,
4,8649,,0.007351708598434925,,,
4,8699,,0.008584508672356606,,,
4,8749,,0.008902090601623058,,,
4,8759,,,0.013666599057614803,0.01862647756934166,0.00895092636346817
4,8759,0.008418877609074116,,,,
5,8799,,0.007506719324737787,,,
5,8849,,0.0085025355219841,,,
5,8899,,0.008337078616023064,,,
5,8949,,0.007683663163334131,,,
5,8999,,0.009243186563253403,,,
5,9049,,0.008652043528854847,,,
5,9099,,0.006868250668048859,,,
5,9149,,0.008511179126799107,,,
5,9199,,0.008489610627293587,,,
5,9249,,0.008454826660454273,,,
5,9299,,0.007555620279163122,,,
5,9349,,0.008092870935797691,,,
5,9399,,0.008152998983860016,,,
5,9449,,0.008899306878447533,,,
5,9499,,0.007780755404382944,,,
5,9549,,0.008176008239388466,,,
5,9599,,0.00811929814517498,,,
5,9649,,0.007814623415470123,,,
5,9699,,0.008877088315784931,,,
5,9749,,0.006836562417447567,,,
5,9799,,0.00788193941116333,,,
5,9849,,0.008814690634608269,,,
5,9899,,0.00757611682638526,,,
5,9949,,0.007839638739824295,,,
5,9999,,0.007501915097236633,,,
5,10049,,0.007986280135810375,,,
5,10099,,0.007575402967631817,,,
5,10149,,0.00719414371997118,,,
5,10199,,0.007882101461291313,,,
5,10249,,0.006916050799190998,,,
5,10299,,0.008507859893143177,,,
5,10349,,0.007290109992027283,,,
5,10399,,0.00848587229847908,,,
5,10449,,0.008028517477214336,,,
5,10499,,0.007950193248689175,,,
5,10511,,,0.01328978594392538,0.01818503439426422,0.008733215741813183
5,10511,0.00803863164037466,,,,
6,10549,,0.007048682775348425,,,
6,10599,,0.007974277250468731,,,
6,10649,,0.00712480628862977,,,
6,10699,,0.007818651385605335,,,
6,10749,,0.007609611842781305,,,
6,10799,,0.008384519256651402,,,
6,10849,,0.00823442917317152,,,
6,10899,,0.00746088195592165,,,
6,10949,,0.007963623851537704,,,
6,10999,,0.008424624800682068,,,
6,11049,,0.007417687680572271,,,
6,11099,,0.0077321529388427734,,,
6,11149,,0.008240962401032448,,,
6,11199,,0.008363617584109306,,,
6,11249,,0.009190564975142479,,,
6,11299,,0.007454477250576019,,,
6,11349,,0.007917247712612152,,,
6,11399,,0.008487464860081673,,,
6,11449,,0.00761466845870018,,,
6,11499,,0.00831367913633585,,,
6,11549,,0.007455676794052124,,,
6,11599,,0.008236205205321312,,,
6,11649,,0.007952508516609669,,,
6,11699,,0.007507068105041981,,,
6,11749,,0.0078039453364908695,,,
6,11799,,0.007990248501300812,,,
6,11849,,0.006991627626121044,,,
6,11899,,0.008364235050976276,,,
6,11949,,0.007493938319385052,,,
6,11999,,0.008017944172024727,,,
6,12049,,0.0077681466937065125,,,
6,12099,,0.0072920797392725945,,,
6,12149,,0.007928570732474327,,,
6,12199,,0.007271897047758102,,,
6,12249,,0.00813120324164629,,,
6,12263,,,0.012737016193568707,0.01749368943274021,0.008406907320022583
6,12263,0.007723616901785135,,,,
7,12299,,0.007427635602653027,,,
7,12349,,0.006920352578163147,,,
7,12399,,0.008370673283934593,,,
7,12449,,0.006893739104270935,,,
7,12499,,0.007021850440651178,,,
7,12549,,0.007548874709755182,,,
7,12599,,0.007577747106552124,,,
7,12649,,0.007387526333332062,,,
7,12699,,0.007932599633932114,,,
7,12749,,0.008370301686227322,,,
7,12799,,0.007216028869152069,,,
7,12849,,0.00733073428273201,,,
7,12899,,0.007110521197319031,,,
7,12949,,0.0063716634176671505,,,
7,12999,,0.00762995844706893,,,
7,13049,,0.006618698127567768,,,
7,13099,,0.008034924045205116,,,
7,13149,,0.007832309231162071,,,
7,13199,,0.007796770893037319,,,
7,13249,,0.007623270153999329,,,
7,13299,,0.008013172075152397,,,
7,13349,,0.0065101622603833675,,,
7,13399,,0.006754611618816853,,,
7,13449,,0.0071422504261136055,,,
7,13499,,0.008189109154045582,,,
7,13549,,0.007318071089684963,,,
7,13599,,0.0067870779894292355,,,
7,13649,,0.007791397161781788,,,
7,13699,,0.007575079798698425,,,
7,13749,,0.007434658706188202,,,
7,13799,,0.006817814894020557,,,
7,13849,,0.007127782795578241,,,
7,13899,,0.007589717395603657,,,
7,13949,,0.006738540716469288,,,
7,13999,,0.006938907317817211,,,
7,14015,,,0.012421205639839172,0.017029842361807823,0.008205853402614594
7,14015,0.00749119883403182,,,,
8,14049,,0.007046986371278763,,,
8,14099,,0.00695399334654212,,,
8,14149,,0.007942033931612968,,,
8,14199,,0.00635230029001832,,,
8,14249,,0.007269671652466059,,,
8,14299,,0.007390715181827545,,,
8,14349,,0.007168370299041271,,,
8,14399,,0.0067342123948037624,,,
8,14449,,0.007423394825309515,,,
8,14499,,0.0076040467247366905,,,
8,14549,,0.0066672698594629765,,,
8,14599,,0.006945505738258362,,,
8,14649,,0.007885055616497993,,,
8,14699,,0.007641606032848358,,,
8,14749,,0.006483516655862331,,,
8,14799,,0.007055743131786585,,,
8,14849,,0.006498551461845636,,,
8,14899,,0.006502126809209585,,,
8,14949,,0.006583786569535732,,,
8,14999,,0.007674044463783503,,,
8,15049,,0.006519198417663574,,,
8,15099,,0.0075830877758562565,,,
8,15149,,0.006968601606786251,,,
8,15199,,0.008146197535097599,,,
8,15249,,0.006910125259310007,,,
8,15299,,0.007487557828426361,,,
8,15349,,0.008550732396543026,,,
8,15399,,0.007017801515758038,,,
8,15449,,0.006930922158062458,,,
8,15499,,0.007688878569751978,,,
8,15549,,0.00663192942738533,,,
8,15599,,0.006862235255539417,,,
8,15649,,0.00759506830945611,,,
8,15699,,0.0076597630977630615,,,
8,15749,,0.0064158253371715546,,,
8,15767,,,0.012116032652556896,0.01672169752418995,0.008051656186580658
8,15767,0.007267405278980732,,,,
9,15799,,0.006997875869274139,,,
9,15849,,0.007533843629062176,,,
9,15899,,0.007205009460449219,,,
9,15949,,0.007810037583112717,,,
9,15999,,0.006436230149120092,,,
9,16049,,0.007678873836994171,,,
9,16099,,0.007724441587924957,,,
9,16149,,0.006887562572956085,,,
9,16199,,0.0068269157782197,,,
9,16249,,0.0071367984637618065,,,
9,16299,,0.006429983768612146,,,
9,16349,,0.007672139909118414,,,
9,16399,,0.007080668117851019,,,
9,16449,,0.0067022936418652534,,,
9,16499,,0.006929156836122274,,,
9,16549,,0.006743132136762142,,,
9,16599,,0.007913167588412762,,,
9,16649,,0.007591511122882366,,,
9,16699,,0.00651982706040144,,,
9,16749,,0.0067050219513475895,,,
9,16799,,0.006490922532975674,,,
9,16849,,0.007909760810434818,,,
9,16899,,0.00747340451925993,,,
9,16949,,0.007243310566991568,,,
9,16999,,0.007345536258071661,,,
9,17049,,0.0070732356980443,,,
9,17099,,0.0064948066137731075,,,
9,17149,,0.0071618990041315556,,,
9,17199,,0.006813084241002798,,,
9,17249,,0.007445584982633591,,,
9,17299,,0.0067140450701117516,,,
9,17349,,0.007240544073283672,,,
9,17399,,0.007785344030708075,,,
9,17449,,0.007487280759960413,,,
9,17499,,0.006760614924132824,,,
9,17519,,,0.011836560443043709,0.016331134364008904,0.007893795147538185
9,17519,0.007081628777086735,,,,
10,17549,,0.007454672362655401,,,
10,17599,,0.006093300879001617,,,
10,17649,,0.00669769337400794,,,
10,17699,,0.0073577165603637695,,,
10,17749,,0.0068577006459236145,,,
10,17799,,0.006587563548237085,,,
10,17849,,0.007005383260548115,,,
10,17899,,0.006683251354843378,,,
10,17949,,0.006710754241794348,,,
10,17999,,0.0065566254779696465,,,
10,18049,,0.006899301894009113,,,
10,18099,,0.006115525495260954,,,
10,18149,,0.005882819648832083,,,
10,18199,,0.007075656205415726,,,
10,18249,,0.007112846709787846,,,
10,18299,,0.006373248994350433,,,
10,18349,,0.006851489655673504,,,
10,18399,,0.007122159004211426,,,
10,18449,,0.007288741413503885,,,
10,18499,,0.006763850804418325,,,
10,18549,,0.007141829933971167,,,
10,18599,,0.007250098045915365,,,
10,18649,,0.007404497358947992,,,
10,18699,,0.006527374032884836,,,
10,18749,,0.0074067143723368645,,,
10,18799,,0.006487051956355572,,,
10,18849,,0.007248063571751118,,,
10,18899,,0.00742562860250473,,,
10,18949,,0.007449358701705933,,,
10,18999,,0.007055759429931641,,,
10,19049,,0.006316466722637415,,,
10,19099,,0.007248798850923777,,,
10,19149,,0.007712215185165405,,,
10,19199,,0.006318733096122742,,,
10,19249,,0.005993950180709362,,,
10,19271,,,0.011537319049239159,0.015961991623044014,0.007688253652304411
10,19271,0.006906579714268446,,,,
11,19299,,0.005973107181489468,,,
11,19349,,0.006523831281810999,,,
11,19399,,0.006379985716193914,,,
11,19449,,0.006464232690632343,,,
11,19499,,0.006330074276775122,,,
11,19549,,0.007610213942825794,,,
11,19599,,0.0070813968777656555,,,
11,19649,,0.006713458802551031,,,
11,19699,,0.006415954791009426,,,
11,19749,,0.006023036781698465,,,
11,19799,,0.007003097794950008,,,
11,19849,,0.006661307066679001,,,
11,19899,,0.0058733513578772545,,,
11,19949,,0.00700347637757659,,,
11,19999,,0.006450064480304718,,,
11,20049,,0.006525115575641394,,,
11,20099,,0.006855708546936512,,,
11,20149,,0.006030797027051449,,,
11,20199,,0.007105873432010412,,,
11,20249,,0.00687019806355238,,,
11,20299,,0.00674057612195611,,,
11,20349,,0.006111021153628826,,,
11,20399,,0.00643360847607255,,,
11,20449,,0.006381806917488575,,,
11,20499,,0.006308254785835743,,,
11,20549,,0.00745686748996377,,,
11,20599,,0.007319122552871704,,,
11,20649,,0.00698207039386034,,,
11,20699,,0.006429878529161215,,,
11,20749,,0.007100993301719427,,,
11,20799,,0.007854936644434929,,,
11,20849,,0.007870028726756573,,,
11,20899,,0.0071346634067595005,,,
11,20949,,0.007349970750510693,,,
11,20999,,0.007791237439960241,,,
11,21023,,,0.011541579850018024,0.01596801169216633,0.007698581553995609
11,21023,0.0067938826978206635,,,,
12,21049,,0.006360874976962805,,,
12,21099,,0.006799329072237015,,,
12,21149,,0.007328619249165058,,,
12,21199,,0.006810619030147791,,,
12,21249,,0.006668961141258478,,,
12,21299,,0.006605143658816814,,,
12,21349,,0.0064835334196686745,,,
12,21399,,0.007009400520473719,,,
12,21449,,0.006258429493755102,,,
12,21499,,0.00702575733885169,,,
12,21549,,0.006651672534644604,,,
12,21599,,0.006824298296123743,,,
12,21649,,0.007411723490804434,,,
12,21699,,0.00791751779615879,,,
12,21749,,0.006972058210521936,,,
12,21799,,0.005901258438825607,,,
12,21849,,0.006234063766896725,,,
12,21899,,0.006061038002371788,,,
12,21949,,0.006144356913864613,,,
12,21999,,0.007413880433887243,,,
12,22049,,0.006140465848147869,,,
12,22099,,0.007178197614848614,,,
12,22149,,0.006205026526004076,,,
12,22199,,0.007959657348692417,,,
12,22249,,0.006275578401982784,,,
12,22299,,0.007193305995315313,,,
12,22349,,0.006465607322752476,,,
12,22399,,0.0065794335678219795,,,
12,22449,,0.007917177863419056,,,
12,22499,,0.0064779361709952354,,,
12,22549,,0.006839081645011902,,,
12,22599,,0.006388133857399225,,,
12,22649,,0.006195444613695145,,,
12,22699,,0.0063459002412855625,,,
12,22749,,0.0058794179931283,,,
12,22775,,,0.011155588552355766,0.015531079843640327,0.0074815163388848305
12,22775,0.006651249248534441,,,,
13,22799,,0.0061935861594974995,,,
13,22849,,0.0061706542037427425,,,
13,22899,,0.0069142235442996025,,,
13,22949,,0.006707631051540375,,,
13,22999,,0.0053467215038836,,,
13,23049,,0.006645566783845425,,,
13,23099,,0.006786351557821035,,,
13,23149,,0.007204176392406225,,,
13,23199,,0.0072089796885848045,,,
13,23249,,0.007230416871607304,,,
13,23299,,0.006352844648063183,,,
13,23349,,0.007204851601272821,,,
13,23399,,0.0061666034162044525,,,
13,23449,,0.0065553574822843075,,,
13,23499,,0.006766420789062977,,,
13,23549,,0.007056600414216518,,,
13,23599,,0.005807626526802778,,,
13,23649,,0.006394687108695507,,,
13,23699,,0.006163130979984999,,,
13,23749,,0.006165448576211929,,,
13,23799,,0.0065888999961316586,,,
13,23849,,0.006403113249689341,,,
13,23899,,0.005832907743752003,,,
13,23949,,0.006959354970604181,,,
13,23999,,0.00680073257535696,,,
13,24049,,0.005999415647238493,,,
13,24099,,0.006600134074687958,,,
13,24149,,0.007843670435249805,,,
13,24199,,0.006593490485101938,,,
13,24249,,0.00701198261231184,,,
13,24299,,0.006279167719185352,,,
13,24349,,0.006271746009588242,,,
13,24399,,0.006740658078342676,,,
13,24449,,0.006920823361724615,,,
13,24499,,0.006863117218017578,,,
13,24527,,,0.011052565649151802,0.015378988347947598,0.007406630087643862
13,24527,0.006524840369820595,,,,
14,24549,,0.007017813622951508,,,
14,24599,,0.0067751421593129635,,,
14,24649,,0.005458512343466282,,,
14,24699,,0.006062290631234646,,,
14,24749,,0.006501584313809872,,,
14,24799,,0.006444469094276428,,,
14,24849,,0.006641952786594629,,,
14,24899,,0.0065392195247113705,,,
14,24949,,0.006280556321144104,,,
14,24999,,0.006389119662344456,,,
14,25049,,0.006517560221254826,,,
14,25099,,0.00730584841221571,,,
14,25149,,0.006310498807579279,,,
14,25199,,0.006338716950267553,,,
14,25249,,0.0060699740424752235,,,
14,25299,,0.006695489399135113,,,
14,25349,,0.0056477440521121025,,,
14,25399,,0.00678620208054781,,,
14,25449,,0.006950017996132374,,,
14,25499,,0.006478802766650915,,,
14,25549,,0.006226855330169201,,,
14,25599,,0.006846112664788961,,,
14,25649,,0.006810535676777363,,,
14,25699,,0.006767952349036932,,,
14,25749,,0.006491410080343485,,,
14,25799,,0.007243290543556213,,,
14,25849,,0.0057471622712910175,,,
14,25899,,0.006999778561294079,,,
14,25949,,0.00632482161745429,,,
14,25999,,0.007166706025600433,,,
14,26049,,0.006152722053229809,,,
14,26099,,0.006663040723651648,,,
14,26149,,0.006432298570871353,,,
14,26199,,0.006809921469539404,,,
14,26249,,0.006094432435929775,,,
14,26279,,,0.010952145792543888,0.015299410559237003,0.007364219054579735
14,26279,0.006434254813939333,,,,
15,26299,,0.005772818811237812,,,
15,26349,,0.005796515382826328,,,
15,26399,,0.005826166365295649,,,
15,26449,,0.005785974208265543,,,
15,26499,,0.006296838633716106,,,
15,26549,,0.006988056004047394,,,
15,26599,,0.005886861588805914,,,
15,26649,,0.007630020380020142,,,
15,26699,,0.006798476912081242,,,
15,26749,,0.0068504223600029945,,,
15,26799,,0.0063837370835244656,,,
15,26849,,0.005517791956663132,,,
15,26899,,0.006203743629157543,,,
15,26949,,0.0057639628648757935,,,
15,26999,,0.0061011710204184055,,,
15,27049,,0.005989241413772106,,,
15,27099,,0.007138569839298725,,,
15,27149,,0.006354568991810083,,,
15,27199,,0.0066860392689704895,,,
15,27249,,0.0066000716760754585,,,
15,27299,,0.0061703938990831375,,,
15,27349,,0.006697922013700008,,,
15,27399,,0.00666567450389266,,,
15,27449,,0.006679121404886246,,,
15,27499,,0.006540101952850819,,,
15,27549,,0.0062061091884970665,,,
15,27599,,0.006113111041486263,,,
15,27649,,0.005672528874129057,,,
15,27699,,0.005191946402192116,,,
15,27749,,0.006032806821167469,,,
15,27799,,0.0059250229969620705,,,
15,27849,,0.006193696521222591,,,
15,27899,,0.0059999944642186165,,,
15,27949,,0.006530574057251215,,,
15,27999,,0.005792602896690369,,,
15,28031,,,0.010773023590445518,0.015033015049993992,0.007239443250000477
15,28031,0.006338050588965416,,,,
16,28049,,0.00592294055968523,,,
16,28099,,0.005958301480859518,,,
16,28149,,0.006226293742656708,,,
16,28199,,0.006546239368617535,,,
16,28249,,0.006090972572565079,,,
16,28299,,0.0067363642156124115,,,
16,28349,,0.006092713214457035,,,
16,28399,,0.0054701389744877815,,,
16,28449,,0.005865807179361582,,,
16,28499,,0.006230521947145462,,,
16,28549,,0.006398356053978205,,,
16,28599,,0.007501552347093821,,,
16,28649,,0.005748606286942959,,,
16,28699,,0.0058691231533885,,,
16,28749,,0.006613148842006922,,,
16,28799,,0.006541428156197071,,,
16,28849,,0.006272642407566309,,,
16,28899,,0.005720837507396936,,,
16,28949,,0.007128596305847168,,,
16,28999,,0.007202151231467724,,,
16,29049,,0.007423603441566229,,,
16,29099,,0.006518510170280933,,,
16,29149,,0.006976706441491842,,,
16,29199,,0.005725771654397249,,,
16,29249,,0.006056072656065226,,,
16,29299,,0.006188401021063328,,,
16,29349,,0.006198975257575512,,,
16,29399,,0.0065539442002773285,,,
16,29449,,0.00675375759601593,,,
16,29499,,0.005789824295789003,,,
16,29549,,0.0059117525815963745,,,
16,29599,,0.0057836431078612804,,,
16,29649,,0.005861806683242321,,,
16,29699,,0.006327962968498468,,,
16,29749,,0.006311462726444006,,,
16,29783,,,0.010512156412005424,0.01470886915922165,0.007063040975481272
16,29783,0.006255420856177807,,,,
17,29799,,0.006251283921301365,,,
17,29849,,0.006058561149984598,,,
17,29899,,0.0063352687284350395,,,
17,29949,,0.006401665508747101,,,
17,29999,,0.005780101288110018,,,
17,30049,,0.005723817273974419,,,
17,30099,,0.006823956035077572,,,
17,30149,,0.0063533843494951725,,,
17,30199,,0.005805910564959049,,,
17,30249,,0.005939812399446964,,,
17,30299,,0.005808565299957991,,,
17,30349,,0.006209328770637512,,,
17,30399,,0.006551544182002544,,,
17,30449,,0.007084759883582592,,,
17,30499,,0.006463799625635147,,,
17,30549,,0.0059714955277740955,,,
17,30599,,0.006003175396472216,,,
17,30649,,0.006368438713252544,,,
17,30699,,0.005569860804826021,,,
17,30749,,0.005942589603364468,,,
17,30799,,0.007082952652126551,,,
17,30849,,0.0065632895566523075,,,
17,30899,,0.006329099647700787,,,
17,30949,,0.006236229091882706,,,
17,30999,,0.005896768067032099,,,
17,31049,,0.006010465789586306,,,
17,31099,,0.0058458708226680756,,,
17,31149,,0.006361323408782482,,,
17,31199,,0.00522576505318284,,,
17,31249,,0.00655518751591444,,,
17,31299,,0.005799015052616596,,,
17,31349,,0.005797735881060362,,,
17,31399,,0.005800990853458643,,,
17,31449,,0.006491482257843018,,,
17,31499,,0.005318595562130213,,,
17,31535,,,0.01041409932076931,0.014586301520466805,0.007018286269158125
17,31535,0.006168487947434187,,,,
18,31549,,0.006167400628328323,,,
18,31599,,0.005496974103152752,,,
18,31649,,0.0056746588088572025,,,
18,31699,,0.00509681599214673,,,
18,31749,,0.00574111845344305,,,
18,31799,,0.0064461915753781796,,,
18,31849,,0.005958964582532644,,,
18,31899,,0.006185608915984631,,,
18,31949,,0.00623179879039526,,,
18,31999,,0.00617219740524888,,,
18,32049,,0.006471069063991308,,,
18,32099,,0.005879302509129047,,,
18,32149,,0.006232190877199173,,,
18,32199,,0.005640103481709957,,,
18,32249,,0.006072392221540213,,,
18,32299,,0.006017593201249838,,,
18,32349,,0.006440772674977779,,,
18,32399,,0.006432480178773403,,,
18,32449,,0.005610743071883917,,,
18,32499,,0.005881414748728275,,,
18,32549,,0.004987603984773159,,,
18,32599,,0.0062300898134708405,,,
18,32649,,0.006267447955906391,,,
18,32699,,0.0056558167561888695,,,
18,32749,,0.006762390024960041,,,
18,32799,,0.005690388381481171,,,
18,32849,,0.0058442638255655766,,,
18,32899,,0.005834840703755617,,,
18,32949,,0.005493161268532276,,,
18,32999,,0.005752188619226217,,,
18,33049,,0.005279055796563625,,,
18,33099,,0.0064668976701796055,,,
18,33149,,0.0056850360706448555,,,
18,33199,,0.005667049437761307,,,
18,33249,,0.006568958051502705,,,
18,33287,,,0.010315992869436741,0.014525549486279488,0.006976882461458445
18,33287,0.006105273496359587,,,,
19,33299,,0.006198955234140158,,,
19,33349,,0.006349855102598667,,,
19,33399,,0.005631583277136087,,,
19,33449,,0.005528939422219992,,,
19,33499,,0.005788288079202175,,,
19,33549,,0.005861292593181133,,,
19,33599,,0.005666270852088928,,,
19,33649,,0.0066796960309147835,,,
19,33699,,0.0059910244308412075,,,
19,33749,,0.006103280931711197,,,
19,33799,,0.005061199422925711,,,
19,33849,,0.005556799005717039,,,
19,33899,,0.005303432233631611,,,
19,33949,,0.006261942442506552,,,
19,33999,,0.007944677956402302,,,
19,34049,,0.005999343004077673,,,
19,34099,,0.006203069351613522,,,
19,34149,,0.005884329788386822,,,
19,34199,,0.006096665281802416,,,
19,34249,,0.005610556807368994,,,
19,34299,,0.005367485340684652,,,
19,34349,,0.006522154901176691,,,
19,34399,,0.005568706430494785,,,
19,34449,,0.007033621426671743,,,
19,34499,,0.006512344814836979,,,
19,34549,,0.00606503477320075,,,
19,34599,,0.00630022119730711,,,
19,34649,,0.005698962602764368,,,
19,34699,,0.006551757454872131,,,
19,34749,,0.005396260414272547,,,
19,34799,,0.006260891444981098,,,
19,34849,,0.005796265788376331,,,
19,34899,,0.005984500981867313,,,
19,34949,,0.005964498035609722,,,
19,34999,,0.006402035243809223,,,
19,35039,,,0.010296650230884552,0.01447098795324564,0.006951787043362856
19,35039,0.006024881266057491,,,,
20,35049,,0.0056207748129963875,,,
20,35099,,0.006066031754016876,,,
20,35149,,0.006205548532307148,,,
20,35199,,0.005584182683378458,,,
20,35249,,0.006101216189563274,,,
20,35299,,0.005623237229883671,,,
20,35349,,0.006376892328262329,,,
20,35399,,0.0065791429951786995,,,
20,35449,,0.00575849087908864,,,
20,35499,,0.0062726340256631374,,,
20,35549,,0.005580135155469179,,,
20,35599,,0.005752933211624622,,,
20,35649,,0.005785527639091015,,,
20,35699,,0.005161655135452747,,,
20,35749,,0.005461459513753653,,,
20,35799,,0.006219122558832169,,,
20,35849,,0.005697751883417368,,,
20,35899,,0.005572459194809198,,,
20,35949,,0.006070245988667011,,,
20,35999,,0.00605286518111825,,,
20,36049,,0.00551285594701767,,,
20,36099,,0.005875573959201574,,,
20,36149,,0.005525886081159115,,,
20,36199,,0.006156315095722675,,,
20,36249,,0.006138608790934086,,,
20,36299,,0.00621055206283927,,,
20,36349,,0.005836209282279015,,,
20,36399,,0.0058974758721888065,,,
20,36449,,0.0060096741653978825,,,
20,36499,,0.006602759473025799,,,
20,36549,,0.006221156567335129,,,
20,36599,,0.005846051499247551,,,
20,36649,,0.006527525372803211,,,
20,36699,,0.005960934795439243,,,
20,36749,,0.0056016212329268456,,,
20,36791,,,0.010185872204601765,0.014336801134049892,0.006891160272061825
20,36791,0.005974411498755217,,,,
21,36799,,0.006219302769750357,,,
21,36849,,0.006228650454431772,,,
21,36899,,0.00586837250739336,,,
21,36949,,0.006101767532527447,,,
21,36999,,0.005699983332306147,,,
21,37049,,0.00621298560872674,,,
21,37099,,0.004789126571267843,,,
21,37149,,0.007213287986814976,,,
21,37199,,0.004980451427400112,,,
21,37249,,0.006787555757910013,,,
21,37299,,0.0052744606509804726,,,
21,37349,,0.00606996426358819,,,
21,37399,,0.005647278856486082,,,
21,37449,,0.005306221544742584,,,
21,37499,,0.005023320205509663,,,
21,37549,,0.006477929651737213,,,
21,37599,,0.007591829635202885,,,
21,37649,,0.005840019788593054,,,
21,37699,,0.005682769231498241,,,
21,37749,,0.0062238601967692375,,,
21,37799,,0.00523173063993454,,,
21,37849,,0.005923069082200527,,,
21,37899,,0.0048249042592942715,,,
21,37949,,0.006004017777740955,,,
21,37999,,0.006148355547338724,,,
21,38049,,0.006122033577412367,,,
21,38099,,0.005798124708235264,,,
21,38149,,0.006111879833042622,,,
21,38199,,0.0060306391678750515,,,
21,38249,,0.0059209601022303104,,,
21,38299,,0.005980674177408218,,,
21,38349,,0.006127120461314917,,,
21,38399,,0.005586160812526941,,,
21,38449,,0.006845088209956884,,,
21,38499,,0.005633643362671137,,,
21,38543,,,0.01004922017455101,0.014138266444206238,0.006794541142880917
21,38543,0.005907380487769842,,,,
22,38549,,0.005777052138000727,,,
22,38599,,0.0071374839171767235,,,
22,38649,,0.005889480467885733,,,
22,38699,,0.005180262960493565,,,
22,38749,,0.005271134432405233,,,
22,38799,,0.006478023715317249,,,
22,38849,,0.006219523027539253,,,
22,38899,,0.005558328703045845,,,
22,38949,,0.0054296767339110374,,,
22,38999,,0.006303342990577221,,,
22,39049,,0.006250802427530289,,,
22,39099,,0.005533883813768625,,,
22,39149,,0.005111538339406252,,,
22,39199,,0.00576865766197443,,,
22,39249,,0.005500718951225281,,,
22,39299,,0.005901067517697811,,,
22,39349,,0.005321408621966839,,,
22,39399,,0.005338962189853191,,,
22,39449,,0.006134680937975645,,,
22,39499,,0.006304387003183365,,,
22,39549,,0.005683410447090864,,,
22,39599,,0.005564049817621708,,,
22,39649,,0.005429410375654697,,,
22,39699,,0.005167686380445957,,,
22,39749,,0.0068654282949864864,,,
22,39799,,0.006064854096621275,,,
22,39849,,0.005543942097574472,,,
22,39899,,0.005161700304597616,,,
22,39949,,0.006043484900146723,,,
22,39999,,0.006052257493138313,,,
22,40049,,0.006655371747910976,,,
22,40099,,0.0058719995431602,,,
22,40149,,0.005705095361918211,,,
22,40199,,0.0059298062697052956,,,
22,40249,,0.006489645689725876,,,
22,40295,,,0.010010781697928905,0.014130949974060059,0.006782690528780222
22,40295,0.005859172437340021,,,,
23,40299,,0.006324939429759979,,,
23,40349,,0.0059261629357934,,,
23,40399,,0.006388784386217594,,,
23,40449,,0.006019369699060917,,,
23,40499,,0.006321222987025976,,,
23,40549,,0.005584452301263809,,,
23,40599,,0.00583809707313776,,,
23,40649,,0.00552850216627121,,,
23,40699,,0.0050940061919391155,,,
23,40749,,0.006283608265221119,,,
23,40799,,0.006279904395341873,,,
23,40849,,0.006551720201969147,,,
23,40899,,0.005395579617470503,,,
23,40949,,0.006048348732292652,,,
23,40999,,0.005140967667102814,,,
23,41049,,0.006052571348845959,,,
23,41099,,0.005384150892496109,,,
23,41149,,0.005383606068789959,,,
23,41199,,0.006057631224393845,,,
23,41249,,0.005597708746790886,,,
23,41299,,0.006022254936397076,,,
23,41349,,0.005837864242494106,,,
23,41399,,0.006067339330911636,,,
23,41449,,0.005760901607573032,,,
23,41499,,0.006408216897398233,,,
23,41549,,0.006177876144647598,,,
23,41599,,0.005550272762775421,,,
23,41649,,0.006536407861858606,,,
23,41699,,0.005871436558663845,,,
23,41749,,0.0060812002047896385,,,
23,41799,,0.006027295254170895,,,
23,41849,,0.006249989382922649,,,
23,41899,,0.005798181518912315,,,
23,41949,,0.00557651137933135,,,
23,41999,,0.005779339466243982,,,
23,42047,,,0.009942064061760902,0.014050419442355633,0.006741071119904518
23,42047,0.005807900335639715,,,,
24,42049,,0.005321708507835865,,,
24,42099,,0.005320996046066284,,,
24,42149,,0.0053207119926810265,,,
24,42199,,0.005555476061999798,,,
24,42249,,0.005350551102310419,,,
24,42299,,0.0055327946320176125,,,
24,42349,,0.00625615706667304,,,
24,42399,,0.005633747670799494,,,
24,42449,,0.006458721123635769,,,
24,42499,,0.005957114044576883,,,
24,42549,,0.006161822937428951,,,
24,42599,,0.005613971035927534,,,
24,42649,,0.0057725198566913605,,,
24,42699,,0.0057871416211128235,,,
24,42749,,0.006765513680875301,,,
24,42799,,0.005305933300405741,,,
24,42849,,0.005413929931819439,,,
24,42899,,0.006443423219025135,,,
24,42949,,0.005579241551458836,,,
24,42999,,0.005362734664231539,,,
24,43049,,0.005983938463032246,,,
24,43099,,0.005471942014992237,,,
24,43149,,0.0062312958762049675,,,
24,43199,,0.005100468639284372,,,
24,43249,,0.006095767952501774,,,
24,43299,,0.005084922071546316,,,
24,43349,,0.0067060417495667934,,,
24,43399,,0.0059150406159460545,,,
24,43449,,0.005760109983384609,,,
24,43499,,0.005772924516350031,,,
24,43549,,0.005328602157533169,,,
24,43599,,0.0055769337341189384,,,
24,43649,,0.00514387059956789,,,
24,43699,,0.006485943682491779,,,
24,43749,,0.005720991175621748,,,
24,43799,,0.0050318269059062,,,
24,43799,,,0.00977646466344595,0.013860112056136131,0.006646828260272741
24,43799,0.005759627092629671,,,,
25,43849,,0.005762760527431965,,,
25,43899,,0.005613436456769705,,,
25,43949,,0.00557769974693656,,,
25,43999,,0.005849639419466257,,,
25,44049,,0.005679651163518429,,,
25,44099,,0.005472701974213123,,,
25,44149,,0.004999584052711725,,,
25,44199,,0.005706897471100092,,,
25,44249,,0.005911636631935835,,,
25,44299,,0.005562288220971823,,,
25,44349,,0.006017951760441065,,,
25,44399,,0.005262174643576145,,,
25,44449,,0.005746396724134684,,,
25,44499,,0.005404489114880562,,,
25,44549,,0.005593286827206612,,,
25,44599,,0.0051006143912673,,,
25,44649,,0.006785400211811066,,,
25,44699,,0.00574364373460412,,,
25,44749,,0.005525527056306601,,,
25,44799,,0.006434024311602116,,,
25,44849,,0.005232571624219418,,,
25,44899,,0.0058068446815013885,,,
25,44949,,0.0058512212708592415,,,
25,44999,,0.006140521261841059,,,
25,45049,,0.00497641833499074,,,
25,45099,,0.005330027546733618,,,
25,45149,,0.005582131445407867,,,
25,45199,,0.00573352724313736,,,
25,45249,,0.0050561935640871525,,,
25,45299,,0.005517907906323671,,,
25,45349,,0.0053311605006456375,,,
25,45399,,0.005889995489269495,,,
25,45449,,0.005694615188986063,,,
25,45499,,0.006698422133922577,,,
25,45549,,0.0050916122272610664,,,
25,45551,,,0.009698722511529922,0.013737938366830349,0.006601924542337656
25,45551,0.005723956041038036,,,,
26,45599,,0.006321229040622711,,,
26,45649,,0.0055684722028672695,,,
26,45699,,0.00517427921295166,,,
26,45749,,0.005028029903769493,,,
26,45799,,0.005503258667886257,,,
26,45849,,0.005558556877076626,,,
26,45899,,0.005173923447728157,,,
26,45949,,0.005075088236480951,,,
26,45999,,0.0058838683180511,,,
26,46049,,0.005034562200307846,,,
26,46099,,0.005667290184646845,,,
26,46149,,0.005423703696578741,,,
26,46199,,0.005364683456718922,,,
26,46249,,0.005714637693017721,,,
26,46299,,0.006219952832907438,,,
26,46349,,0.005673537962138653,,,
26,46399,,0.0057123578153550625,,,
26,46449,,0.005612811539322138,,,
26,46499,,0.006115124095231295,,,
26,46549,,0.006350879557430744,,,
26,46599,,0.005591922905296087,,,
26,46649,,0.005271398462355137,,,
26,46699,,0.005998329259455204,,,
26,46749,,0.005493241362273693,,,
26,46799,,0.006081647239625454,,,
26,46849,,0.005686961114406586,,,
26,46899,,0.005880237556993961,,,
26,46949,,0.0059240129776299,,,
26,46999,,0.005434574093669653,,,
26,47049,,0.005744983442127705,,,
26,47099,,0.00571818882599473,,,
26,47149,,0.005455613136291504,,,
26,47199,,0.006155265029519796,,,
26,47249,,0.00536386901512742,,,
26,47299,,0.00550642516463995,,,
26,47303,,,0.009714633226394653,0.01373907458037138,0.0065925233066082
26,47303,0.005673113279044628,,,,
27,47349,,0.006115114316344261,,,
27,47399,,0.005905658006668091,,,
27,47449,,0.005855116061866283,,,
27,47499,,0.0050663212314248085,,,
27,47549,,0.006060280837118626,,,
27,47599,,0.005940642207860947,,,
27,47649,,0.005463072098791599,,,
27,47699,,0.005691870581358671,,,
27,47749,,0.005286097060889006,,,
27,47799,,0.005934972781687975,,,
27,47849,,0.00549682741984725,,,
27,47899,,0.00587023701518774,,,
27,47949,,0.006065136753022671,,,
27,47999,,0.0058811130002141,,,
27,48049,,0.0057187192142009735,,,
27,48099,,0.0058405338786542416,,,
27,48149,,0.005454720463603735,,,
27,48199,,0.00524713471531868,,,
27,48249,,0.00561391469091177,,,
27,48299,,0.005481011234223843,,,
27,48349,,0.0049786316230893135,,,
27,48399,,0.0057183122262358665,,,
27,48449,,0.005743794143199921,,,
27,48499,,0.006104971282184124,,,
27,48549,,0.00610608933493495,,,
27,48599,,0.005680677480995655,,,
27,48649,,0.0053757294081151485,,,
27,48699,,0.0057372963055968285,,,
27,48749,,0.005603855941444635,,,
27,48799,,0.0051689594984054565,,,
27,48849,,0.005711154546588659,,,
27,48899,,0.005225547589361668,,,
27,48949,,0.005385216325521469,,,
27,48999,,0.005618599243462086,,,
27,49049,,0.0051435320638120174,,,
27,49055,,,0.00960749201476574,0.013613691553473473,0.00653253635391593
27,49055,0.005639120936393738,,,,
28,49099,,0.004807791672646999,,,
28,49149,,0.005760547239333391,,,
28,49199,,0.006260699592530727,,,
28,49249,,0.005943621043115854,,,
28,49299,,0.0052437433041632175,,,
28,49349,,0.005947607569396496,,,
28,49399,,0.005710764788091183,,,
28,49449,,0.005008865147829056,,,
28,49499,,0.0052652666345238686,,,
28,49549,,0.005377484019845724,,,
28,49599,,0.00567003944888711,,,
28,49649,,0.00552001129835844,,,
28,49699,,0.004784365650266409,,,
28,49749,,0.005232814699411392,,,
28,49799,,0.0059111882001161575,,,
28,49849,,0.005805104039609432,,,
28,49899,,0.006040151230990887,,,
28,49949,,0.005716667510569096,,,
28,49999,,0.005816422402858734,,,
28,50049,,0.005297236144542694,,,
28,50099,,0.005609954707324505,,,
28,50149,,0.005791608244180679,,,
28,50199,,0.005537807010114193,,,
28,50249,,0.005293657071888447,,,
28,50299,,0.004997557029128075,,,
28,50349,,0.005789031274616718,,,
28,50399,,0.005391496699303389,,,
28,50449,,0.006094644777476788,,,
28,50499,,0.006484496407210827,,,
28,50549,,0.005904714111238718,,,
28,50599,,0.004957942757755518,,,
28,50649,,0.005044326651841402,,,
28,50699,,0.004934455268085003,,,
28,50749,,0.006642207503318787,,,
28,50799,,0.00599330710247159,,,
28,50807,,,0.00964526180177927,0.013671756722033024,0.006578093860298395
28,50807,0.005596506409347057,,,,
29,50849,,0.005654667969793081,,,
29,50899,,0.005279142409563065,,,
29,50949,,0.005184074863791466,,,
29,50999,,0.0054642208851873875,,,
29,51049,,0.00599231943488121,,,
29,51099,,0.005802924744784832,,,
29,51149,,0.0052656978368759155,,,
29,51199,,0.005860073957592249,,,
29,51249,,0.006480023264884949,,,
29,51299,,0.005226314999163151,,,
29,51349,,0.005385929718613625,,,
29,51399,,0.005812480580061674,,,
29,51449,,0.005602055229246616,,,
29,51499,,0.00514114648103714,,,
29,51549,,0.006491466425359249,,,
29,51599,,0.00527745159342885,,,
29,51649,,0.0066551030613482,,,
29,51699,,0.005521781742572784,,,
29,51749,,0.005911051295697689,,,
29,51799,,0.005960857030004263,,,
29,51849,,0.0053265891037881374,,,
29,51899,,0.005752503871917725,,,
29,51949,,0.005936832632869482,,,
29,51999,,0.006707717664539814,,,
29,52049,,0.005066506564617157,,,
29,52099,,0.004615721292793751,,,
29,52149,,0.005633464548736811,,,
29,52199,,0.005912424065172672,,,
29,52249,,0.005423166789114475,,,
29,52299,,0.005101001355797052,,,
29,52349,,0.005311234854161739,,,
29,52399,,0.0055292933247983456,,,
29,52449,,0.005461114924401045,,,
29,52499,,0.005401355214416981,,,
29,52549,,0.0059560975059866905,,,
29,52559,,,0.009540800005197525,0.013570504263043404,0.006508420221507549
29,52559,0.005570098292082548,,,,
30,52599,,0.005722845904529095,,,
30,52649,,0.006095875054597855,,,
30,52699,,0.005733094643801451,,,
30,52749,,0.005944663193076849,,,
30,52799,,0.004884955007582903,,,
30,52849,,0.005474868696182966,,,
30,52899,,0.005634700413793325,,,
30,52949,,0.006138674449175596,,,
30,52999,,0.0057402681559324265,,,
30,53049,,0.005365186836570501,,,
30,53099,,0.0044982233084738255,,,
30,53149,,0.005589401349425316,,,
30,53199,,0.005944081582129002,,,
30,53249,,0.006083121057599783,,,
30,53299,,0.005740456283092499,,,
30,53349,,0.006367778871208429,,,
30,53399,,0.005604231730103493,,,
30,53449,,0.005479893181473017,,,
30,53499,,0.005804093088954687,,,
30,53549,,0.005251011345535517,,,
30,53599,,0.006283955182880163,,,
30,53649,,0.005985691677778959,,,
30,53699,,0.005323909223079681,,,
30,53749,,0.005438266787678003,,,
30,53799,,0.005747918970882893,,,
30,53849,,0.005398802924901247,,,
30,53899,,0.004798208363354206,,,
30,53949,,0.00527717312797904,,,
30,53999,,0.004922583233565092,,,
30,54049,,0.005319613963365555,,,
30,54099,,0.005784172564744949,,,
30,54149,,0.005711493082344532,,,
30,54199,,0.00538162887096405,,,
30,54249,,0.005193149205297232,,,
30,54299,,0.005970842204988003,,,
30,54311,,,0.009625411592423916,0.013688597828149796,0.00655161589384079
30,54311,0.005535416770726442,,,,
31,54349,,0.005498666316270828,,,
31,54399,,0.005359395407140255,,,
31,54449,,0.005560448858886957,,,
31,54499,,0.005421129520982504,,,
31,54549,,0.005339714698493481,,,
31,54599,,0.005373482592403889,,,
31,54649,,0.00576843461021781,,,
31,54699,,0.005769201088696718,,,
31,54749,,0.0056030405685305595,,,
31,54799,,0.005224443972110748,,,
31,54849,,0.00512866023927927,,,
31,54899,,0.005409831181168556,,,
31,54949,,0.005304998252540827,,,
31,54999,,0.005856148898601532,,,
31,55049,,0.005187842063605785,,,
31,55099,,0.006064851768314838,,,
31,55149,,0.005522672552615404,,,
31,55199,,0.005937319248914719,,,
31,55249,,0.005938723683357239,,,
31,55299,,0.0062566339038312435,,,
31,55349,,0.006461681332439184,,,
31,55399,,0.005654771812260151,,,
31,55449,,0.0058755576610565186,,,
31,55499,,0.005143318325281143,,,
31,55549,,0.005785711109638214,,,
31,55599,,0.005237009841948748,,,
31,55649,,0.0051627326756715775,,,
31,55699,,0.006176228169351816,,,
31,55749,,0.005669384263455868,,,
31,55799,,0.006091197021305561,,,
31,55849,,0.0056406850926578045,,,
31,55899,,0.0047713881358504295,,,
31,55949,,0.005315964575856924,,,
31,55999,,0.0048024398274719715,,,
31,56049,,0.005610099993646145,,,
31,56063,,,0.00948442704975605,0.01351257972419262,0.006489456165581942
31,56063,0.005505986046046019,,,,
32,56099,,0.004931722767651081,,,
32,56149,,0.005290381144732237,,,
32,56199,,0.004937947727739811,,,
32,56249,,0.005389504600316286,,,
32,56299,,0.005534390453249216,,,
32,56349,,0.00492478022351861,,,
32,56399,,0.005977717228233814,,,
32,56449,,0.005322955083101988,,,
32,56499,,0.0059643955901265144,,,
32,56549,,0.0051287333481013775,,,
32,56599,,0.005392939783632755,,,
32,56649,,0.005502447485923767,,,
32,56699,,0.00528708565980196,,,
32,56749,,0.0051802704110741615,,,
32,56799,,0.005140608176589012,,,
32,56849,,0.005113784223794937,,,
32,56899,,0.005347543861716986,,,
32,56949,,0.005265097599476576,,,
32,56999,,0.005413736216723919,,,
32,57049,,0.004956174176186323,,,
32,57099,,0.00538056343793869,,,
32,57149,,0.00562298996374011,,,
32,57199,,0.005110131110996008,,,
32,57249,,0.005488014314323664,,,
32,57299,,0.0057737077586352825,,,
32,57349,,0.00527885090559721,,,
32,57399,,0.005081790499389172,,,
32,57449,,0.005587286781519651,,,
32,57499,,0.006101161707192659,,,
32,57549,,0.00497528025880456,,,
32,57599,,0.006237533874809742,,,
32,57649,,0.005380765534937382,,,
32,57699,,0.00541870528832078,,,
32,57749,,0.006040637381374836,,,
32,57799,,0.005208213813602924,,,
32,57815,,,0.00940634310245514,0.013411526568233967,0.006420910358428955
32,57815,0.0054754833690822124,,,,
33,57849,,0.005281767807900906,,,
33,57899,,0.004955049604177475,,,
33,57949,,0.005177701823413372,,,
33,57999,,0.004931019153445959,,,
33,58049,,0.005427052266895771,,,
33,58099,,0.005313089583069086,,,
33,58149,,0.006164779420942068,,,
33,58199,,0.005310490261763334,,,
33,58249,,0.005228823516517878,,,
33,58299,,0.005439309868961573,,,
33,58349,,0.005657489411532879,,,
33,58399,,0.004781842231750488,,,
33,58449,,0.005538132973015308,,,
33,58499,,0.005393081810325384,,,
33,58549,,0.005959297996014357,,,
33,58599,,0.0052384971641004086,,,
33,58649,,0.004852615296840668,,,
33,58699,,0.006485292222350836,,,
33,58749,,0.005320433527231216,,,
33,58799,,0.005528816021978855,,,
33,58849,,0.005161316134035587,,,
33,58899,,0.005575691349804401,,,
33,58949,,0.005102311726659536,,,
33,58999,,0.00477368850260973,,,
33,59049,,0.005431579891592264,,,
33,59099,,0.005320281721651554,,,
33,59149,,0.005379938520491123,,,
33,59199,,0.005513632670044899,,,
33,59249,,0.00557505851611495,,,
33,59299,,0.006082618143409491,,,
33,59349,,0.005504322238266468,,,
33,59399,,0.005364439450204372,,,
33,59449,,0.006096343509852886,,,
33,59499,,0.005566208623349667,,,
33,59549,,0.005859976634383202,,,
33,59567,,,0.009302541613578796,0.013274377211928368,0.0063630761578679085
33,59567,0.005441821180284023,,,,
34,59599,,0.005018080119043589,,,
34,59649,,0.005272688809782267,,,
34,59699,,0.004969825502485037,,,
34,59749,,0.004966383334249258,,,
34,59799,,0.005939372815191746,,,
34,59849,,0.005728327669203281,,,
34,59899,,0.005047413054853678,,,
34,59949,,0.005346938036382198,,,
34,59999,,0.005449173040688038,,,
34,60049,,0.00579711701720953,,,
34,60099,,0.0053398823365569115,,,
34,60149,,0.005315741524100304,,,
34,60199,,0.004957032389938831,,,
34,60249,,0.005575239658355713,,,
34,60299,,0.0055825538001954556,,,
34,60349,,0.005578082054853439,,,
34,60399,,0.004772657994180918,,,
34,60449,,0.005539612378925085,,,
34,60499,,0.0053123170509934425,,,
34,60549,,0.005748811177909374,,,
34,60599,,0.005239337682723999,,,
34,60649,,0.005431873258203268,,,
34,60699,,0.005593102425336838,,,
34,60749,,0.005265470594167709,,,
34,60799,,0.006094368174672127,,,
34,60849,,0.005186946131289005,,,
34,60899,,0.005489157047122717,,,
34,60949,,0.004943691194057465,,,
34,60999,,0.004832205828279257,,,
34,61049,,0.005379109643399715,,,
34,61099,,0.005411933176219463,,,
34,61149,,0.005023751873522997,,,
34,61199,,0.0061044408939778805,,,
34,61249,,0.00542882364243269,,,
34,61299,,0.005097795277833939,,,
34,61319,,,0.009248596616089344,0.01318393461406231,0.006329668220132589
34,61319,0.0054226042702794075,,,,
35,61349,,0.005149145610630512,,,
35,61399,,0.005825848318636417,,,
35,61449,,0.005548542831093073,,,
35,61499,,0.005481420084834099,,,
35,61549,,0.005494715180248022,,,
35,61599,,0.005445524584501982,,,
35,61649,,0.00509586650878191,,,
35,61699,,0.005300045013427734,,,
35,61749,,0.005072384141385555,,,
35,61799,,0.005869132466614246,,,
35,61849,,0.005376200191676617,,,
35,61899,,0.006166989915072918,,,
35,61949,,0.005550694651901722,,,
35,61999,,0.00592274684458971,,,
35,62049,,0.005432107485830784,,,
35,62099,,0.004866010509431362,,,
35,62149,,0.004800494760274887,,,
35,62199,,0.005247780121862888,,,
35,62249,,0.004828562494367361,,,
35,62299,,0.004789441358298063,,,
35,62349,,0.005549428518861532,,,
35,62399,,0.005775214172899723,,,
35,62449,,0.005097433924674988,,,
35,62499,,0.005317218601703644,,,
35,62549,,0.0055621229112148285,,,
35,62599,,0.005227147601544857,,,
35,62649,,0.005765415728092194,,,
35,62699,,0.005317165050655603,,,
35,62749,,0.005088198930025101,,,
35,62799,,0.005990744102746248,,,
35,62849,,0.005519472993910313,,,
35,62899,,0.0048423632979393005,,,
35,62949,,0.005420532077550888,,,
35,62999,,0.005755018442869186,,,
35,63049,,0.004764358047395945,,,
35,63071,,,0.009254777804017067,0.013190558180212975,0.0063335648737847805
35,63071,0.005387273617088795,,,,
36,63099,,0.00500142527744174,,,
36,63149,,0.005336950998753309,,,
36,63199,,0.005058786831796169,,,
36,63249,,0.005410640966147184,,,
36,63299,,0.004745687823742628,,,
36,63349,,0.0054299538023769855,,,
36,63399,,0.005051753483712673,,,
36,63449,,0.005105679389089346,,,
36,63499,,0.005745248403400183,,,
36,63549,,0.005198256112635136,,,
36,63599,,0.005496571306139231,,,
36,63649,,0.005298269912600517,,,
36,63699,,0.005409694742411375,,,
36,63749,,0.00534593453630805,,,
36,63799,,0.005386596545577049,,,
36,63849,,0.006375548895448446,,,
36,63899,,0.0052691008895635605,,,
36,63949,,0.005960369948297739,,,
36,63999,,0.005109562072902918,,,
36,64049,,0.005111345089972019,,,
36,64099,,0.005818712525069714,,,
36,64149,,0.005072123371064663,,,
36,64199,,0.004866861738264561,,,
36,64249,,0.0052771191112697124,,,
36,64299,,0.005218014121055603,,,
36,64349,,0.006197979208081961,,,
36,64399,,0.00483716931194067,,,
36,64449,,0.0053770048543810844,,,
36,64499,,0.005608207080513239,,,
36,64549,,0.005174305755645037,,,
36,64599,,0.004926798399537802,,,
36,64649,,0.005207483656704426,,,
36,64699,,0.0056967115961015224,,,
36,64749,,0.005344768054783344,,,
36,64799,,0.005534812342375517,,,
36,64823,,,0.009243492037057877,0.013183300383388996,0.006319961044937372
36,64823,0.005355945322662592,,,,
37,64849,,0.005468335002660751,,,
37,64899,,0.0051597291603684425,,,
37,64949,,0.005656707566231489,,,
37,64999,,0.006313337944447994,,,
37,65049,,0.005590412300080061,,,
37,65099,,0.005251272581517696,,,
37,65149,,0.005101683549582958,,,
37,65199,,0.005220136605203152,,,
37,65249,,0.005732403602451086,,,
37,65299,,0.005625628866255283,,,
37,65349,,0.005252874456346035,,,
37,65399,,0.004943151958286762,,,
37,65449,,0.005567164625972509,,,
37,65499,,0.0066614048555493355,,,
37,65549,,0.005327537655830383,,,
37,65599,,0.005256111733615398,,,
37,65649,,0.004839060362428427,,,
37,65699,,0.005463700741529465,,,
37,65749,,0.005151291843503714,,,
37,65799,,0.005223613232374191,,,
37,65849,,0.0054313186556100845,,,
37,65899,,0.005366908852010965,,,
37,65949,,0.005440215580165386,,,
37,65999,,0.006134716793894768,,,
37,66049,,0.005606149788945913,,,
37,66099,,0.0053370436653494835,,,
37,66149,,0.005581636913120747,,,
37,66199,,0.004672589711844921,,,
37,66249,,0.005379850976169109,,,
37,66299,,0.004992488771677017,,,
37,66349,,0.005300086457282305,,,
37,66399,,0.006059589795768261,,,
37,66449,,0.005343741737306118,,,
37,66499,,0.0056174821220338345,,,
37,66549,,0.005061435513198376,,,
37,66575,,,0.009199980646371841,0.013135398738086224,0.006312705110758543
37,66575,0.005348131526261568,,,,
38,66599,,0.0047046416439116,,,
38,66649,,0.005155674181878567,,,
38,66699,,0.00536095816642046,,,
38,66749,,0.005240794736891985,,,
38,66799,,0.004672226961702108,,,
38,66849,,0.005911475513130426,,,
38,66899,,0.005439883563667536,,,
38,66949,,0.005507406312972307,,,
38,66999,,0.005427095107734203,,,
38,67049,,0.005217384081333876,,,
38,67099,,0.005800608079880476,,,
38,67149,,0.005371576640754938,,,
38,67199,,0.004640125669538975,,,
38,67249,,0.005043827462941408,,,
38,67299,,0.004791622050106525,,,
38,67349,,0.0055048405192792416,,,
38,67399,,0.004816296044737101,,,
38,67449,,0.005359840113669634,,,
38,67499,,0.00538015877828002,,,
38,67549,,0.005575067363679409,,,
38,67599,,0.004934150725603104,,,
38,67649,,0.005404940340667963,,,
38,67699,,0.00530697638168931,,,
38,67749,,0.005434312392026186,,,
38,67799,,0.005257629323750734,,,
38,67849,,0.0055358861573040485,,,
38,67899,,0.005171576980501413,,,
38,67949,,0.0054854643531143665,,,
38,67999,,0.0050930483266711235,,,
38,68049,,0.005751762539148331,,,
38,68099,,0.00468452088534832,,,
38,68149,,0.00532210199162364,,,
38,68199,,0.004668200388550758,,,
38,68249,,0.005862477235496044,,,
38,68299,,0.004737666808068752,,,
38,68327,,,0.0092221824452281,0.013157530687749386,0.006307611707597971
38,68327,0.005311524961143732,,,,
39,68349,,0.00515355821698904,,,
39,68399,,0.005216366145759821,,,
39,68449,,0.005673627369105816,,,
39,68499,,0.0052093141712248325,,,
39,68549,,0.0063951448537409306,,,
39,68599,,0.0058314623311161995,,,
39,68649,,0.005561751313507557,,,
39,68699,,0.005475894547998905,,,
39,68749,,0.005760070867836475,,,
39,68799,,0.005337156355381012,,,
39,68849,,0.005107120610773563,,,
39,68899,,0.005551525391638279,,,
39,68949,,0.004607520066201687,,,
39,68999,,0.005343749187886715,,,
39,69049,,0.005297956522554159,,,
39,69099,,0.005122213624417782,,,
39,69149,,0.005850279703736305,,,
39,69199,,0.004948468878865242,,,
39,69249,,0.005426832940429449,,,
39,69299,,0.006046991795301437,,,
39,69349,,0.005698807071894407,,,
39,69399,,0.004841313697397709,,,
39,69449,,0.004483205731958151,,,
39,69499,,0.00561082037165761,,,
39,69549,,0.005530493799597025,,,
39,69599,,0.005455429200083017,,,
39,69649,,0.0053030820563435555,,,
39,69699,,0.005939113907516003,,,
39,69749,,0.005036032758653164,,,
39,69799,,0.005759597755968571,,,
39,69849,,0.00461621442809701,,,
39,69899,,0.0049897111020982265,,,
39,69949,,0.005072643049061298,,,
39,69999,,0.005326815880835056,,,
39,70049,,0.005489767529070377,,,
39,70079,,,0.00925398338586092,0.013263794593513012,0.0063268281519412994
39,70079,0.005295415408909321,,,,
40,70099,,0.006014136131852865,,,
40,70149,,0.004956414923071861,,,
40,70199,,0.005260020028799772,,,
40,70249,,0.0058126794174313545,,,
40,70299,,0.005389704369008541,,,
40,70349,,0.005031325854361057,,,
40,70399,,0.004545276984572411,,,
40,70449,,0.005408699624240398,,,
40,70499,,0.0040136417374014854,,,
40,70549,,0.004694897215813398,,,
40,70599,,0.0054816012270748615,,,
40,70649,,0.004541383124887943,,,
40,70699,,0.0055578299798071384,,,
40,70749,,0.005350304301828146,,,
40,70799,,0.005076148547232151,,,
40,70849,,0.0055131083354353905,,,
40,70899,,0.005323291756212711,,,
40,70949,,0.005094429943710566,,,
40,70999,,0.006008032709360123,,,
40,71049,,0.0050173974595963955,,,
40,71099,,0.005583768244832754,,,
40,71149,,0.004248029086738825,,,
40,71199,,0.005521874874830246,,,
40,71249,,0.005257179029285908,,,
40,71299,,0.005617113783955574,,,
40,71349,,0.00560644268989563,,,
40,71399,,0.005670645739883184,,,
40,71449,,0.0050892699509859085,,,
40,71499,,0.0048464504070580006,,,
40,71549,,0.006170106120407581,,,
40,71599,,0.005092086736112833,,,
40,71649,,0.005611758213490248,,,
40,71699,,0.0055265119299292564,,,
40,71749,,0.004598607309162617,,,
40,71799,,0.004893994424492121,,,
40,71831,,,0.009094523265957832,0.01300671324133873,0.006240459159016609
40,71831,0.005279107950627804,,,,
41,71849,,0.004936957266181707,,,
41,71899,,0.004505597986280918,,,
41,71949,,0.005274279974400997,,,
41,71999,,0.004804707132279873,,,
41,72049,,0.0048483447171747684,,,
41,72099,,0.005080914590507746,,,
41,72149,,0.005303913727402687,,,
41,72199,,0.0051468187011778355,,,
41,72249,,0.005511832889169455,,,
41,72299,,0.004655763972550631,,,
41,72349,,0.004883247427642345,,,
41,72399,,0.004586499184370041,,,
41,72449,,0.005446979776024818,,,
41,72499,,0.005213323049247265,,,
41,72549,,0.0051470971666276455,,,
41,72599,,0.005023059900850058,,,
41,72649,,0.005063307471573353,,,
41,72699,,0.004639471415430307,,,
41,72749,,0.0049508111551404,,,
41,72799,,0.005470507312566042,,,
41,72849,,0.006244974676519632,,,
41,72899,,0.004850692115724087,,,
41,72949,,0.0060392869636416435,,,
41,72999,,0.005454620346426964,,,
41,73049,,0.005313795991241932,,,
41,73099,,0.004803869873285294,,,
41,73149,,0.005461135413497686,,,
41,73199,,0.005517677869647741,,,
41,73249,,0.005452593322843313,,,
41,73299,,0.005462293513119221,,,
41,73349,,0.005187558941543102,,,
41,73399,,0.004843241069465876,,,
41,73449,,0.005816045217216015,,,
41,73499,,0.005091668106615543,,,
41,73549,,0.005530639085918665,,,
41,73583,,,0.009016001597046852,0.01293124072253704,0.0062105352990329266
41,73583,0.005249905399978161,,,,
42,73599,,0.0048185838386416435,,,
42,73649,,0.0054803346283733845,,,
42,73699,,0.005118172150105238,,,
42,73749,,0.005146327894181013,,,
42,73799,,0.005045770667493343,,,
42,73849,,0.005233067087829113,,,
42,73899,,0.0052696941420435905,,,
42,73949,,0.005191621370613575,,,
42,73999,,0.004921575542539358,,,
42,74049,,0.004439431242644787,,,
42,74099,,0.005607078317552805,,,
42,74149,,0.0054101296700537205,,,
42,74199,,0.004603635519742966,,,
42,74249,,0.005411858670413494,,,
42,74299,,0.0057263607159256935,,,
42,74349,,0.00558519596233964,,,
42,74399,,0.005999718327075243,,,
42,74449,,0.005052684340626001,,,
42,74499,,0.005071299150586128,,,
42,74549,,0.004985935986042023,,,
42,74599,,0.005050846841186285,,,
42,74649,,0.005238145589828491,,,
42,74699,,0.0055411625653505325,,,
42,74749,,0.00547884963452816,,,
42,74799,,0.0055425455793738365,,,
42,74849,,0.004444642923772335,,,
42,74899,,0.004407173953950405,,,
42,74949,,0.004776636138558388,,,
42,74999,,0.004643626511096954,,,
42,75049,,0.005396669264882803,,,
42,75099,,0.005323808640241623,,,
42,75149,,0.0049399216659367085,,,
42,75199,,0.005293835885822773,,,
42,75249,,0.0056062741205096245,,,
42,75299,,0.005693134851753712,,,
42,75335,,,0.009090656414628029,0.013013060204684734,0.006244998890906572
42,75335,0.0052327862940728664,,,,
43,75349,,0.005599732045084238,,,
43,75399,,0.004632917698472738,,,
43,75449,,0.005763501860201359,,,
43,75499,,0.005007726605981588,,,
43,75549,,0.005620286799967289,,,
43,75599,,0.0063385674729943275,,,
43,75649,,0.005127126816660166,,,
43,75699,,0.005401654168963432,,,
43,75749,,0.004952831659466028,,,
43,75799,,0.00558158103376627,,,
43,75849,,0.005046383012086153,,,
43,75899,,0.005755566991865635,,,
43,75949,,0.005650085397064686,,,
43,75999,,0.005498482380062342,,,
43,76049,,0.005388446152210236,,,
43,76099,,0.005394027568399906,,,
43,76149,,0.005038504023104906,,,
43,76199,,0.005251270718872547,,,
43,76249,,0.005129418335855007,,,
43,76299,,0.005312136374413967,,,
43,76349,,0.004795874003320932,,,
43,76399,,0.005124076269567013,,,
43,76449,,0.005436732433736324,,,
43,76499,,0.004972680471837521,,,
43,76549,,0.005310544278472662,,,
43,76599,,0.0053242845460772514,,,
43,76649,,0.004684533923864365,,,
43,76699,,0.0050881402567029,,,
43,76749,,0.004366921726614237,,,
43,76799,,0.005166103597730398,,,
43,76849,,0.004701069090515375,,,
43,76899,,0.004990295972675085,,,
43,76949,,0.004785364028066397,,,
43,76999,,0.004896193742752075,,,
43,77049,,0.0051000420935451984,,,
43,77087,,,0.008987790904939175,0.01287619024515152,0.006186448968946934
43,77087,0.005207759793847799,,,,
44,77099,,0.005174822174012661,,,
44,77149,,0.004628223367035389,,,
44,77199,,0.004820920992642641,,,
44,77249,,0.0050672986544668674,,,
44,77299,,0.00576779106631875,,,
44,77349,,0.005501538515090942,,,
44,77399,,0.0054171122610569,,,
44,77449,,0.004340189043432474,,,
44,77499,,0.0050504617393016815,,,
44,77549,,0.005135249346494675,,,
44,77599,,0.004763264209032059,,,
44,77649,,0.004965852480381727,,,
44,77699,,0.005062608979642391,,,
44,77749,,0.00486525846645236,,,
44,77799,,0.005925892386585474,,,
44,77849,,0.004890785552561283,,,
44,77899,,0.00506847258657217,,,
44,77949,,0.005072923377156258,,,
44,77999,,0.005496513098478317,,,
44,78049,,0.005375905893743038,,,
44,78099,,0.00475286552682519,,,
44,78149,,0.005409806035459042,,,
44,78199,,0.004977877251803875,,,
44,78249,,0.005435023922473192,,,
44,78299,,0.0055939010344445705,,,
44,78349,,0.0055852304212749004,,,
44,78399,,0.005581052042543888,,,
44,78449,,0.005024670157581568,,,
44,78499,,0.00558199780061841,,,
44,78549,,0.0055389986373484135,,,
44,78599,,0.005153604317456484,,,
44,78649,,0.00500911008566618,,,
44,78699,,0.004502642899751663,,,
44,78749,,0.004708058200776577,,,
44,78799,,0.0052173868753015995,,,
44,78839,,,0.009012800641357899,0.012911108322441578,0.006202676799148321
44,78839,0.00519575085490942,,,,
45,78849,,0.004878737032413483,,,
45,78899,,0.005422013346105814,,,
45,78949,,0.004925799556076527,,,
45,78999,,0.00553981214761734,,,
45,79049,,0.005850242916494608,,,
45,79099,,0.004847721196711063,,,
45,79149,,0.005297518335282803,,,
45,79199,,0.004931625910103321,,,
45,79249,,0.005485424771904945,,,
45,79299,,0.0056428732350468636,,,
45,79349,,0.005331448279321194,,,
45,79399,,0.00445646932348609,,,
45,79449,,0.004781662952154875,,,
45,79499,,0.006263391580432653,,,
45,79549,,0.005404976196587086,,,
45,79599,,0.0051093022339046,,,
45,79649,,0.004831788595765829,,,
45,79699,,0.0050559635274112225,,,
45,79749,,0.006002312991768122,,,
45,79799,,0.005282407160848379,,,
45,79849,,0.0054590278305113316,,,
45,79899,,0.005804765969514847,,,
45,79949,,0.004601459018886089,,,
45,79999,,0.00539275212213397,,,
45,80049,,0.005313897039741278,,,
45,80099,,0.00490464735776186,,,
45,80149,,0.00511431647464633,,,
45,80199,,0.005063928663730621,,,
45,80249,,0.005134285427629948,,,
45,80299,,0.005386637523770332,,,
45,80349,,0.0050139473751187325,,,
45,80399,,0.0053650145418941975,,,
45,80449,,0.005506264511495829,,,
45,80499,,0.005496586207300425,,,
45,80549,,0.005099581088870764,,,
45,80591,,,0.009100212715566158,0.013082769699394703,0.006263009738177061
45,80591,0.005194656550884247,,,,
46,80599,,0.005301902070641518,,,
46,80649,,0.004955373704433441,,,
46,80699,,0.005449758376926184,,,
46,80749,,0.004880918189883232,,,
46,80799,,0.005527328699827194,,,
46,80849,,0.005533901043236256,,,
46,80899,,0.005076624918729067,,,
46,80949,,0.005390987265855074,,,
46,80999,,0.004884404130280018,,,
46,81049,,0.004640266299247742,,,
46,81099,,0.004925528075546026,,,
46,81149,,0.004795652348548174,,,
46,81199,,0.005216686055064201,,,
46,81249,,0.004616012796759605,,,
46,81299,,0.005707671865820885,,,
46,81349,,0.0048033916391432285,,,
46,81399,,0.005826900713145733,,,
46,81449,,0.005308548919856548,,,
46,81499,,0.005207335110753775,,,
46,81549,,0.005491675343364477,,,
46,81599,,0.0051330747082829475,,,
46,81649,,0.004819605499505997,,,
46,81699,,0.005209873430430889,,,
46,81749,,0.005118953995406628,,,
46,81799,,0.006095307879149914,,,
46,81849,,0.005093742161989212,,,
46,81899,,0.004867525305598974,,,
46,81949,,0.0050614019855856895,,,
46,81999,,0.00519465422257781,,,
46,82049,,0.004796392749994993,,,
46,82099,,0.005140322260558605,,,
46,82149,,0.005479428917169571,,,
46,82199,,0.004578913561999798,,,
46,82249,,0.006087853107601404,,,
46,82299,,0.005163900554180145,,,
46,82343,,,0.008914659731090069,0.012784733437001705,0.006139819975942373
46,82343,0.005159483291208744,,,,
47,82349,,0.005127440206706524,,,
47,82399,,0.004524957854300737,,,
47,82449,,0.004779214970767498,,,
47,82499,,0.005160705652087927,,,
47,82549,,0.005268287844955921,,,
47,82599,,0.0050983852706849575,,,
47,82649,,0.005361753050237894,,,
47,82699,,0.00533984275534749,,,
47,82749,,0.005380682647228241,,,
47,82799,,0.005252487026154995,,,
47,82849,,0.0052184732630848885,,,
47,82899,,0.004652031231671572,,,
47,82949,,0.005422851536422968,,,
47,82999,,0.0048340740613639355,,,
47,83049,,0.005070929415524006,,,
47,83099,,0.005614041816443205,,,
47,83149,,0.005053614266216755,,,
47,83199,,0.005167852621525526,,,
47,83249,,0.0050445375964045525,,,
47,83299,,0.0053522041998803616,,,
47,83349,,0.005784888286143541,,,
47,83399,,0.00550113758072257,,,
47,83449,,0.004786784760653973,,,
47,83499,,0.004813838750123978,,,
47,83549,,0.005408329889178276,,,
47,83599,,0.005790197290480137,,,
47,83649,,0.005147479008883238,,,
47,83699,,0.004713627975434065,,,
47,83749,,0.0052009099163115025,,,
47,83799,,0.005738993640989065,,,
47,83849,,0.004910568706691265,,,
47,83899,,0.006026837043464184,,,
47,83949,,0.00543226208537817,,,
47,83999,,0.005195991601794958,,,
47,84049,,0.005023685749620199,,,
47,84095,,,0.008910516276955605,0.012798485346138477,0.006147393025457859
47,84095,0.005156757775694132,,,,
48,84099,,0.004790660925209522,,,
48,84149,,0.005191252566874027,,,
48,84199,,0.005446180235594511,,,
48,84249,,0.005121988244354725,,,
48,84299,,0.004781941417604685,,,
48,84349,,0.00572880869731307,,,
48,84399,,0.005769822746515274,,,
48,84449,,0.005122510716319084,,,
48,84499,,0.005548977293074131,,,
48,84549,,0.004801376257091761,,,
48,84599,,0.0050538876093924046,,,
48,84649,,0.005501742009073496,,,
48,84699,,0.004400105681270361,,,
48,84749,,0.005180586129426956,,,
48,84799,,0.005318854935467243,,,
48,84849,,0.004815457854419947,,,
48,84899,,0.005293253809213638,,,
48,84949,,0.005320638883858919,,,
48,84999,,0.00543965445831418,,,
48,85049,,0.005034806672483683,,,
48,85099,,0.004474283661693335,,,
48,85149,,0.005130017641931772,,,
48,85199,,0.005198602564632893,,,
48,85249,,0.005138604901731014,,,
48,85299,,0.00501538859680295,,,
48,85349,,0.004939041566103697,,,
48,85399,,0.004903742577880621,,,
48,85449,,0.005387152545154095,,,
48,85499,,0.00501518789678812,,,
48,85549,,0.004962138831615448,,,
48,85599,,0.00478577334433794,,,
48,85649,,0.005130507051944733,,,
48,85699,,0.004998902790248394,,,
48,85749,,0.005156388971954584,,,
48,85799,,0.004747443832457066,,,
48,85847,,,0.008827850222587585,0.012692844495177269,0.0060999030247330666
48,85847,0.0051229577511549,,,,
49,85849,,0.004504139069467783,,,
49,85899,,0.00496260030195117,,,
49,85949,,0.0049955169670283794,,,
49,85999,,0.005549921188503504,,,
49,86049,,0.00556409964337945,,,
49,86099,,0.005566158797591925,,,
49,86149,,0.005097826011478901,,,
49,86199,,0.004905323963612318,,,
49,86249,,0.004772503394633532,,,
49,86299,,0.004651830997318029,,,
49,86349,,0.00459365313872695,,,
49,86399,,0.004838455934077501,,,
49,86449,,0.0053568496368825436,,,
49,86499,,0.005149689968675375,,,
49,86549,,0.005214892327785492,,,
49,86599,,0.004625733941793442,,,
49,86649,,0.0054379962384700775,,,
49,86699,,0.005350097548216581,,,
49,86749,,0.005916736088693142,,,
49,86799,,0.004957492463290691,,,
49,86849,,0.005352865904569626,,,
49,86899,,0.004942341707646847,,,
49,86949,,0.0052187019027769566,,,
49,86999,,0.005652470979839563,,,
49,87049,,0.0055448757484555244,,,
49,87099,,0.005512575153261423,,,
49,87149,,0.0058007617481052876,,,
49,87199,,0.005062556825578213,,,
49,87249,,0.005727868527173996,,,
49,87299,,0.004741504788398743,,,
49,87349,,0.005326953716576099,,,
49,87399,,0.0054238783195614815,,,
49,87449,,0.005597088485956192,,,
49,87499,,0.005126051139086485,,,
49,87549,,0.005126530770212412,,,
49,87599,,0.004670856986194849,,,
49,87599,,,0.008781280368566513,0.01260956097394228,0.0060529704205691814
49,87599,0.00510392664000392,,,,
