Date,티커,ETF명,구분1,구분2,sector_main,sector_sub,기초지수,AUM(억원),종가,일별수익률
2026-01-02,A132030,KODEX 골드선물(H),위험,FX 및 원자재,real_asset,gold,S&P GSCI Gold Index(TR),2585.76934131,25310,0.0029720626114524418
2026-01-05,A132030,KODEX 골드선물(H),위험,FX 및 원자재,real_asset,gold,S&P GSCI Gold Index(TR),2585.76934131,25525,0.008494666139865714
2026-01-06,A132030,KODEX 골드선물(H),위험,FX 및 원자재,real_asset,gold,S&P GSCI Gold Index(TR),2585.76934131,25760,0.00920666013712057
2026-01-07,A132030,KODEX 골드선물(H),위험,FX 및 원자재,real_asset,gold,S&P GSCI Gold Index(TR),2585.76934131,25705,-0.0021350931677018847
2026-01-08,A132030,KODEX 골드선물(H),위험,FX 및 원자재,real_asset,gold,S&P GSCI Gold Index(TR),2585.76934131,25550,-0.0060299552616222
2026-01-09,A132030,KODEX 골드선물(H),위험,FX 및 원자재,real_asset,gold,S&P GSCI Gold Index(TR),2585.76934131,25805,0.009980430528375717
2026-01-12,A132030,KODEX 골드선물(H),위험,FX 및 원자재,real_asset,gold,S&P GSCI Gold Index(TR),2585.76934131,26405,0.02325130788606855
2026-01-13,A132030,KODEX 골드선물(H),위험,FX 및 원자재,real_asset,gold,S&P GSCI Gold Index(TR),2585.76934131,26495,0.0034084453701950235
2026-01-14,A132030,KODEX 골드선물(H),위험,FX 및 원자재,real_asset,gold,S&P GSCI Gold Index(TR),2585.76934131,26740,0.009247027741083214
2026-01-15,A132030,KODEX 골드선물(H),위험,FX 및 원자재,real_asset,gold,S&P GSCI Gold Index(TR),2585.76934131,26575,-0.006170531039640936
2026-01-16,A132030,KODEX 골드선물(H),위험,FX 및 원자재,real_asset,gold,S&P GSCI Gold Index(TR),2585.76934131,26555,-0.0007525870178739513
2026-01-19,A132030,KODEX 골드선물(H),위험,FX 및 원자재,real_asset,gold,S&P GSCI Gold Index(TR),2585.76934131,26945,0.014686499717567303
2026-01-20,A132030,KODEX 골드선물(H),위험,FX 및 원자재,real_asset,gold,S&P GSCI Gold Index(TR),2585.76934131,27195,0.009278159213212067
2026-01-21,A132030,KODEX 골드선물(H),위험,FX 및 원자재,real_asset,gold,S&P GSCI Gold Index(TR),2585.76934131,28160,0.03548446405589267
2026-01-22,A132030,KODEX 골드선물(H),위험,FX 및 원자재,real_asset,gold,S&P GSCI Gold Index(TR),2585.76934131,27825,-0.011896306818181768
2026-01-23,A132030,KODEX 골드선물(H),위험,FX 및 원자재,real_asset,gold,S&P GSCI Gold Index(TR),2585.76934131,28555,0.02623539982030554
2026-01-26,A132030,KODEX 골드선물(H),위험,FX 및 원자재,real_asset,gold,S&P GSCI Gold Index(TR),2585.76934131,29275,0.025214498336543434
2026-01-27,A132030,KODEX 골드선물(H),위험,FX 및 원자재,real_asset,gold,S&P GSCI Gold Index(TR),2585.76934131,29275,0.0
2026-01-28,A132030,KODEX 골드선물(H),위험,FX 및 원자재,real_asset,gold,S&P GSCI Gold Index(TR),2585.76934131,30240,0.032963279248505506
2026-01-29,A132030,KODEX 골드선물(H),위험,FX 및 원자재,real_asset,gold,S&P GSCI Gold Index(TR),2585.76934131,32125,0.06233465608465605
2026-01-30,A132030,KODEX 골드선물(H),위험,FX 및 원자재,real_asset,gold,S&P GSCI Gold Index(TR),2585.76934131,29680,-0.07610894941634239
2026-02-02,A132030,KODEX 골드선물(H),위험,FX 및 원자재,real_asset,gold,S&P GSCI Gold Index(TR),2585.76934131,25845,-0.12921159029649598
2026-02-03,A132030,KODEX 골드선물(H),위험,FX 및 원자재,real_asset,gold,S&P GSCI Gold Index(TR),2585.76934131,27880,0.07873863416521565
2026-02-04,A132030,KODEX 골드선물(H),위험,FX 및 원자재,real_asset,gold,S&P GSCI Gold Index(TR),2585.76934131,28965,0.03891678622668571
2026-02-05,A132030,KODEX 골드선물(H),위험,FX 및 원자재,real_asset,gold,S&P GSCI Gold Index(TR),2585.76934131,28180,-0.027101674434662493
2026-02-06,A132030,KODEX 골드선물(H),위험,FX 및 원자재,real_asset,gold,S&P GSCI Gold Index(TR),2585.76934131,27760,-0.014904187366926891
2026-02-09,A132030,KODEX 골드선물(H),위험,FX 및 원자재,real_asset,gold,S&P GSCI Gold Index(TR),2585.76934131,28740,0.03530259365994226
2026-02-10,A132030,KODEX 골드선물(H),위험,FX 및 원자재,real_asset,gold,S&P GSCI Gold Index(TR),2585.76934131,28795,0.0019137091162142461
2026-02-11,A132030,KODEX 골드선물(H),위험,FX 및 원자재,real_asset,gold,S&P GSCI Gold Index(TR),2585.76934131,28940,0.00503559645771845
2026-02-12,A132030,KODEX 골드선물(H),위험,FX 및 원자재,real_asset,gold,S&P GSCI Gold Index(TR),2585.76934131,28925,-0.0005183137525915926
2026-02-13,A132030,KODEX 골드선물(H),위험,FX 및 원자재,real_asset,gold,S&P GSCI Gold Index(TR),2585.76934131,28330,-0.020570440795159906
2026-02-19,A132030,KODEX 골드선물(H),위험,FX 및 원자재,real_asset,gold,S&P GSCI Gold Index(TR),2585.76934131,28590,0.009177550300035309
2026-02-20,A132030,KODEX 골드선물(H),위험,FX 및 원자재,real_asset,gold,S&P GSCI Gold Index(TR),2585.76934131,28730,0.004896817068905213
2026-02-23,A132030,KODEX 골드선물(H),위험,FX 및 원자재,real_asset,gold,S&P GSCI Gold Index(TR),2585.76934131,29495,0.026627218934911268
2026-02-24,A132030,KODEX 골드선물(H),위험,FX 및 원자재,real_asset,gold,S&P GSCI Gold Index(TR),2585.76934131,29585,0.0030513646380743165
2026-02-25,A132030,KODEX 골드선물(H),위험,FX 및 원자재,real_asset,gold,S&P GSCI Gold Index(TR),2585.76934131,29695,0.0037181003887105657
2026-02-26,A132030,KODEX 골드선물(H),위험,FX 및 원자재,real_asset,gold,S&P GSCI Gold Index(TR),2585.76934131,29695,0.0
2026-02-27,A132030,KODEX 골드선물(H),위험,FX 및 원자재,real_asset,gold,S&P GSCI Gold Index(TR),2585.76934131,29690,-0.00016837851490147937
2026-03-03,A132030,KODEX 골드선물(H),위험,FX 및 원자재,real_asset,gold,S&P GSCI Gold Index(TR),2585.76934131,30365,0.022734927585045472
2026-03-04,A132030,KODEX 골드선물(H),위험,FX 및 원자재,real_asset,gold,S&P GSCI Gold Index(TR),2585.76934131,29345,-0.0335913057796805
2026-03-05,A132030,KODEX 골드선물(H),위험,FX 및 원자재,real_asset,gold,S&P GSCI Gold Index(TR),2585.76934131,29350,0.0001703867779860868
2026-03-06,A132030,KODEX 골드선물(H),위험,FX 및 원자재,real_asset,gold,S&P GSCI Gold Index(TR),2585.76934131,29225,-0.004258943781942026
2026-03-09,A132030,KODEX 골드선물(H),위험,FX 및 원자재,real_asset,gold,S&P GSCI Gold Index(TR),2585.76934131,29260,0.0011976047904191933
2026-03-10,A132030,KODEX 골드선물(H),위험,FX 및 원자재,real_asset,gold,S&P GSCI Gold Index(TR),2585.76934131,29575,0.010765550239234534
2026-03-11,A132030,KODEX 골드선물(H),위험,FX 및 원자재,real_asset,gold,S&P GSCI Gold Index(TR),2585.76934131,29740,0.0055790363482670635
2026-03-12,A132030,KODEX 골드선물(H),위험,FX 및 원자재,real_asset,gold,S&P GSCI Gold Index(TR),2585.76934131,29410,-0.01109616677874914
2026-03-13,A132030,KODEX 골드선물(H),위험,FX 및 원자재,real_asset,gold,S&P GSCI Gold Index(TR),2585.76934131,29045,-0.012410744644678728
2026-03-16,A132030,KODEX 골드선물(H),위험,FX 및 원자재,real_asset,gold,S&P GSCI Gold Index(TR),2585.76934131,28635,-0.014116026854880337
2026-03-17,A132030,KODEX 골드선물(H),위험,FX 및 원자재,real_asset,gold,S&P GSCI Gold Index(TR),2585.76934131,28550,-0.002968395320412043
2026-03-18,A132030,KODEX 골드선물(H),위험,FX 및 원자재,real_asset,gold,S&P GSCI Gold Index(TR),2585.76934131,28565,0.0005253940455340889
2026-03-19,A132030,KODEX 골드선물(H),위험,FX 및 원자재,real_asset,gold,S&P GSCI Gold Index(TR),2585.76934131,27420,-0.040084018904253504
2026-03-20,A132030,KODEX 골드선물(H),위험,FX 및 원자재,real_asset,gold,S&P GSCI Gold Index(TR),2585.76934131,26710,-0.025893508388037945
2026-03-23,A132030,KODEX 골드선물(H),위험,FX 및 원자재,real_asset,gold,S&P GSCI Gold Index(TR),2585.76934131,24200,-0.09397229502059157
2026-03-24,A132030,KODEX 골드선물(H),위험,FX 및 원자재,real_asset,gold,S&P GSCI Gold Index(TR),2585.76934131,25000,0.03305785123966931
2026-03-25,A132030,KODEX 골드선물(H),위험,FX 및 원자재,real_asset,gold,S&P GSCI Gold Index(TR),2585.76934131,25915,0.036599999999999966
2026-03-26,A132030,KODEX 골드선물(H),위험,FX 및 원자재,real_asset,gold,S&P GSCI Gold Index(TR),2585.76934131,25255,-0.025467875747636537
2026-03-27,A132030,KODEX 골드선물(H),위험,FX 및 원자재,real_asset,gold,S&P GSCI Gold Index(TR),2585.76934131,25390,0.005345476143338024
2026-03-30,A132030,KODEX 골드선물(H),위험,FX 및 원자재,real_asset,gold,S&P GSCI Gold Index(TR),2585.76934131,25760,0.014572666404096157
2026-03-31,A132030,KODEX 골드선물(H),위험,FX 및 원자재,real_asset,gold,S&P GSCI Gold Index(TR),2585.76934131,25930,0.006599378881987583
2026-04-01,A132030,KODEX 골드선물(H),위험,FX 및 원자재,real_asset,gold,S&P GSCI Gold Index(TR),2585.76934131,26755,0.031816428846895395
2026-04-02,A132030,KODEX 골드선물(H),위험,FX 및 원자재,real_asset,gold,S&P GSCI Gold Index(TR),2585.76934131,26095,-0.024668286301625875
2026-04-03,A132030,KODEX 골드선물(H),위험,FX 및 원자재,real_asset,gold,S&P GSCI Gold Index(TR),2585.76934131,26585,0.018777543590726253
2026-04-06,A132030,KODEX 골드선물(H),위험,FX 및 원자재,real_asset,gold,S&P GSCI Gold Index(TR),2585.76934131,26485,-0.0037615196539402262
2026-04-07,A132030,KODEX 골드선물(H),위험,FX 및 원자재,real_asset,gold,S&P GSCI Gold Index(TR),2585.76934131,26390,-0.003586936001510277
2026-04-08,A132030,KODEX 골드선물(H),위험,FX 및 원자재,real_asset,gold,S&P GSCI Gold Index(TR),2585.76934131,27495,0.041871921182266014
2026-04-09,A132030,KODEX 골드선물(H),위험,FX 및 원자재,real_asset,gold,S&P GSCI Gold Index(TR),2585.76934131,26815,-0.024731769412620452
2026-04-10,A132030,KODEX 골드선물(H),위험,FX 및 원자재,real_asset,gold,S&P GSCI Gold Index(TR),2585.76934131,27025,0.00783143762819316
2026-04-13,A132030,KODEX 골드선물(H),위험,FX 및 원자재,real_asset,gold,S&P GSCI Gold Index(TR),2585.76934131,26870,-0.005735430157261745
2026-04-14,A132030,KODEX 골드선물(H),위험,FX 및 원자재,real_asset,gold,S&P GSCI Gold Index(TR),2585.76934131,27075,0.007629326386304536
2026-04-15,A132030,KODEX 골드선물(H),위험,FX 및 원자재,real_asset,gold,S&P GSCI Gold Index(TR),2585.76934131,27365,0.010710987996306542
2026-04-16,A132030,KODEX 골드선물(H),위험,FX 및 원자재,real_asset,gold,S&P GSCI Gold Index(TR),2585.76934131,27355,-0.00036543029417135386
2026-04-17,A132030,KODEX 골드선물(H),위험,FX 및 원자재,real_asset,gold,S&P GSCI Gold Index(TR),2585.76934131,27170,-0.006762931822336005
2026-04-20,A132030,KODEX 골드선물(H),위험,FX 및 원자재,real_asset,gold,S&P GSCI Gold Index(TR),2585.76934131,27175,0.0001840264998160812
2026-04-21,A132030,KODEX 골드선물(H),위험,FX 및 원자재,real_asset,gold,S&P GSCI Gold Index(TR),2585.76934131,27140,-0.0012879484820607079
2026-04-22,A132030,KODEX 골드선물(H),위험,FX 및 원자재,real_asset,gold,S&P GSCI Gold Index(TR),2585.76934131,27090,-0.0018422991893883855
2026-04-23,A132030,KODEX 골드선물(H),위험,FX 및 원자재,real_asset,gold,S&P GSCI Gold Index(TR),2585.76934131,26715,-0.013842746400885897
2026-04-24,A132030,KODEX 골드선물(H),위험,FX 및 원자재,real_asset,gold,S&P GSCI Gold Index(TR),2585.76934131,26525,-0.007112109301890324
2026-04-27,A132030,KODEX 골드선물(H),위험,FX 및 원자재,real_asset,gold,S&P GSCI Gold Index(TR),2585.76934131,26755,0.008671065032987757
2026-04-28,A132030,KODEX 골드선물(H),위험,FX 및 원자재,real_asset,gold,S&P GSCI Gold Index(TR),2585.76934131,26295,-0.017193048028405933
2026-04-29,A132030,KODEX 골드선물(H),위험,FX 및 원자재,real_asset,gold,S&P GSCI Gold Index(TR),2585.76934131,25990,-0.011599163339037877
2026-04-30,A132030,KODEX 골드선물(H),위험,FX 및 원자재,real_asset,gold,S&P GSCI Gold Index(TR),2585.76934131,25935,-0.0021161985378992387
2026-05-04,A132030,KODEX 골드선물(H),위험,FX 및 원자재,real_asset,gold,S&P GSCI Gold Index(TR),2585.76934131,26065,0.005012531328320913
2026-05-06,A132030,KODEX 골드선물(H),위험,FX 및 원자재,real_asset,gold,S&P GSCI Gold Index(TR),2585.76934131,26435,0.01419528102819867
2026-05-07,A132030,KODEX 골드선물(H),위험,FX 및 원자재,real_asset,gold,S&P GSCI Gold Index(TR),2585.76934131,26730,0.011159447701910352
2026-05-08,A132030,KODEX 골드선물(H),위험,FX 및 원자재,real_asset,gold,S&P GSCI Gold Index(TR),2585.76934131,26820,0.0033670033670034627
2026-05-11,A132030,KODEX 골드선물(H),위험,FX 및 원자재,real_asset,gold,S&P GSCI Gold Index(TR),2585.76934131,26465,-0.013236390753169291
2026-05-12,A132030,KODEX 골드선물(H),위험,FX 및 원자재,real_asset,gold,S&P GSCI Gold Index(TR),2585.76934131,26635,0.00642357831097673
2026-05-13,A132030,KODEX 골드선물(H),위험,FX 및 원자재,real_asset,gold,S&P GSCI Gold Index(TR),2585.76934131,26700,0.002440397972592434
2026-05-14,A132030,KODEX 골드선물(H),위험,FX 및 원자재,real_asset,gold,S&P GSCI Gold Index(TR),2585.76934131,26590,-0.0041198501872659055
2026-05-15,A132030,KODEX 골드선물(H),위험,FX 및 원자재,real_asset,gold,S&P GSCI Gold Index(TR),2585.76934131,25920,-0.025197442647611923
2026-05-18,A132030,KODEX 골드선물(H),위험,FX 및 원자재,real_asset,gold,S&P GSCI Gold Index(TR),2585.76934131,25705,-0.008294753086419804
2026-05-19,A132030,KODEX 골드선물(H),위험,FX 및 원자재,real_asset,gold,S&P GSCI Gold Index(TR),2585.76934131,25750,0.001750632172728972
2026-05-20,A132030,KODEX 골드선물(H),위험,FX 및 원자재,real_asset,gold,S&P GSCI Gold Index(TR),2585.76934131,25320,-0.01669902912621357
2026-05-21,A132030,KODEX 골드선물(H),위험,FX 및 원자재,real_asset,gold,S&P GSCI Gold Index(TR),2585.76934131,25660,0.013428120063191162
2026-05-22,A132030,KODEX 골드선물(H),위험,FX 및 원자재,real_asset,gold,S&P GSCI Gold Index(TR),2585.76934131,25600,-0.002338269680436489
2026-01-02,A144600,KODEX 은선물(H),위험,FX 및 원자재,real_asset,silver,S&P GSCI Silver Index(TR),1000.68433315,12515,-0.007140023800079387
2026-01-05,A144600,KODEX 은선물(H),위험,FX 및 원자재,real_asset,silver,S&P GSCI Silver Index(TR),1000.68433315,12760,0.01957650819017176
2026-01-06,A144600,KODEX 은선물(H),위험,FX 및 원자재,real_asset,silver,S&P GSCI Silver Index(TR),1000.68433315,13355,0.04663009404388707
2026-01-07,A144600,KODEX 은선물(H),위험,FX 및 원자재,real_asset,silver,S&P GSCI Silver Index(TR),1000.68433315,13380,0.0018719580681392234
2026-01-08,A144600,KODEX 은선물(H),위험,FX 및 원자재,real_asset,silver,S&P GSCI Silver Index(TR),1000.68433315,12800,-0.0433482810164425
2026-01-09,A144600,KODEX 은선물(H),위험,FX 및 원자재,real_asset,silver,S&P GSCI Silver Index(TR),1000.68433315,13005,0.01601562500000009
2026-01-12,A144600,KODEX 은선물(H),위험,FX 및 원자재,real_asset,silver,S&P GSCI Silver Index(TR),1000.68433315,14310,0.10034602076124566
2026-01-13,A144600,KODEX 은선물(H),위험,FX 및 원자재,real_asset,silver,S&P GSCI Silver Index(TR),1000.68433315,14395,0.005939902166317346
2026-01-14,A144600,KODEX 은선물(H),위험,FX 및 원자재,real_asset,silver,S&P GSCI Silver Index(TR),1000.68433315,15275,0.06113233761722814
2026-01-15,A144600,KODEX 은선물(H),위험,FX 및 원자재,real_asset,silver,S&P GSCI Silver Index(TR),1000.68433315,15075,-0.013093289689034338
2026-01-16,A144600,KODEX 은선물(H),위험,FX 및 원자재,real_asset,silver,S&P GSCI Silver Index(TR),1000.68433315,15365,0.019237147595356552
2026-01-19,A144600,KODEX 은선물(H),위험,FX 및 원자재,real_asset,silver,S&P GSCI Silver Index(TR),1000.68433315,15825,0.029938171168239602
2026-01-20,A144600,KODEX 은선물(H),위험,FX 및 원자재,real_asset,silver,S&P GSCI Silver Index(TR),1000.68433315,15945,0.007582938388625671
2026-01-21,A144600,KODEX 은선물(H),위험,FX 및 원자재,real_asset,silver,S&P GSCI Silver Index(TR),1000.68433315,16085,0.008780181875196025
2026-01-22,A144600,KODEX 은선물(H),위험,FX 및 원자재,real_asset,silver,S&P GSCI Silver Index(TR),1000.68433315,15920,-0.010258004351880623
2026-01-23,A144600,KODEX 은선물(H),위험,FX 및 원자재,real_asset,silver,S&P GSCI Silver Index(TR),1000.68433315,16775,0.0537060301507537
2026-01-26,A144600,KODEX 은선물(H),위험,FX 및 원자재,real_asset,silver,S&P GSCI Silver Index(TR),1000.68433315,18220,0.08614008941877804
2026-01-27,A144600,KODEX 은선물(H),위험,FX 및 원자재,real_asset,silver,S&P GSCI Silver Index(TR),1000.68433315,18620,0.021953896816685026
2026-01-28,A144600,KODEX 은선물(H),위험,FX 및 원자재,real_asset,silver,S&P GSCI Silver Index(TR),1000.68433315,19350,0.03920515574650918
2026-01-29,A144600,KODEX 은선물(H),위험,FX 및 원자재,real_asset,silver,S&P GSCI Silver Index(TR),1000.68433315,20355,0.05193798449612408
2026-01-30,A144600,KODEX 은선물(H),위험,FX 및 원자재,real_asset,silver,S&P GSCI Silver Index(TR),1000.68433315,18500,-0.09113239990174404
2026-02-02,A144600,KODEX 은선물(H),위험,FX 및 원자재,real_asset,silver,S&P GSCI Silver Index(TR),1000.68433315,12950,-0.30000000000000004
2026-02-03,A144600,KODEX 은선물(H),위험,FX 및 원자재,real_asset,silver,S&P GSCI Silver Index(TR),1000.68433315,14160,0.09343629343629334
2026-02-04,A144600,KODEX 은선물(H),위험,FX 및 원자재,real_asset,silver,S&P GSCI Silver Index(TR),1000.68433315,14560,0.02824858757062154
2026-02-05,A144600,KODEX 은선물(H),위험,FX 및 원자재,real_asset,silver,S&P GSCI Silver Index(TR),1000.68433315,13130,-0.0982142857142857
2026-02-06,A144600,KODEX 은선물(H),위험,FX 및 원자재,real_asset,silver,S&P GSCI Silver Index(TR),1000.68433315,12280,-0.06473724295506478
2026-02-09,A144600,KODEX 은선물(H),위험,FX 및 원자재,real_asset,silver,S&P GSCI Silver Index(TR),1000.68433315,13595,0.10708469055374592
2026-02-10,A144600,KODEX 은선물(H),위험,FX 및 원자재,real_asset,silver,S&P GSCI Silver Index(TR),1000.68433315,13575,-0.0014711290915777608
2026-02-11,A144600,KODEX 은선물(H),위험,FX 및 원자재,real_asset,silver,S&P GSCI Silver Index(TR),1000.68433315,13700,0.009208103130755152
2026-02-12,A144600,KODEX 은선물(H),위험,FX 및 원자재,real_asset,silver,S&P GSCI Silver Index(TR),1000.68433315,13935,0.017153284671532765
2026-02-13,A144600,KODEX 은선물(H),위험,FX 및 원자재,real_asset,silver,S&P GSCI Silver Index(TR),1000.68433315,12735,-0.08611410118406893
2026-02-19,A144600,KODEX 은선물(H),위험,FX 및 원자재,real_asset,silver,S&P GSCI Silver Index(TR),1000.68433315,12995,0.020416175893207766
2026-02-20,A144600,KODEX 은선물(H),위험,FX 및 원자재,real_asset,silver,S&P GSCI Silver Index(TR),1000.68433315,13120,0.009619084263178035
2026-02-23,A144600,KODEX 은선물(H),위험,FX 및 원자재,real_asset,silver,S&P GSCI Silver Index(TR),1000.68433315,14460,0.10213414634146334
2026-02-24,A144600,KODEX 은선물(H),위험,FX 및 원자재,real_asset,silver,S&P GSCI Silver Index(TR),1000.68433315,14650,0.013139695712309774
2026-02-25,A144600,KODEX 은선물(H),위험,FX 및 원자재,real_asset,silver,S&P GSCI Silver Index(TR),1000.68433315,15045,0.02696245733788394
2026-02-26,A144600,KODEX 은선물(H),위험,FX 및 원자재,real_asset,silver,S&P GSCI Silver Index(TR),1000.68433315,14875,-0.011299435028248594
2026-02-27,A144600,KODEX 은선물(H),위험,FX 및 원자재,real_asset,silver,S&P GSCI Silver Index(TR),1000.68433315,15020,0.009747899159663787
2026-03-03,A144600,KODEX 은선물(H),위험,FX 및 원자재,real_asset,silver,S&P GSCI Silver Index(TR),1000.68433315,14245,-0.05159786950732359
2026-03-04,A144600,KODEX 은선물(H),위험,FX 및 원자재,real_asset,silver,S&P GSCI Silver Index(TR),1000.68433315,13880,-0.025623025623025653
2026-03-05,A144600,KODEX 은선물(H),위험,FX 및 원자재,real_asset,silver,S&P GSCI Silver Index(TR),1000.68433315,13575,-0.021974063400576394
2026-03-06,A144600,KODEX 은선물(H),위험,FX 및 원자재,real_asset,silver,S&P GSCI Silver Index(TR),1000.68433315,13895,0.02357274401473286
2026-03-09,A144600,KODEX 은선물(H),위험,FX 및 원자재,real_asset,silver,S&P GSCI Silver Index(TR),1000.68433315,13965,0.005037783375314797
2026-03-10,A144600,KODEX 은선물(H),위험,FX 및 원자재,real_asset,silver,S&P GSCI Silver Index(TR),1000.68433315,14725,0.054421768707483054
2026-03-11,A144600,KODEX 은선물(H),위험,FX 및 원자재,real_asset,silver,S&P GSCI Silver Index(TR),1000.68433315,14585,-0.009507640067911716
2026-03-12,A144600,KODEX 은선물(H),위험,FX 및 원자재,real_asset,silver,S&P GSCI Silver Index(TR),1000.68433315,14125,-0.03153925265683921
2026-03-13,A144600,KODEX 은선물(H),위험,FX 및 원자재,real_asset,silver,S&P GSCI Silver Index(TR),1000.68433315,13760,-0.025840707964601806
2026-03-16,A144600,KODEX 은선물(H),위험,FX 및 원자재,real_asset,silver,S&P GSCI Silver Index(TR),1000.68433315,13320,-0.03197674418604646
2026-03-17,A144600,KODEX 은선물(H),위험,FX 및 원자재,real_asset,silver,S&P GSCI Silver Index(TR),1000.68433315,13370,0.0037537537537537524
2026-03-18,A144600,KODEX 은선물(H),위험,FX 및 원자재,real_asset,silver,S&P GSCI Silver Index(TR),1000.68433315,13210,-0.01196709050112188
2026-03-19,A144600,KODEX 은선물(H),위험,FX 및 원자재,real_asset,silver,S&P GSCI Silver Index(TR),1000.68433315,12195,-0.0768357305071915
2026-03-20,A144600,KODEX 은선물(H),위험,FX 및 원자재,real_asset,silver,S&P GSCI Silver Index(TR),1000.68433315,12000,-0.01599015990159902
2026-03-23,A144600,KODEX 은선물(H),위험,FX 및 원자재,real_asset,silver,S&P GSCI Silver Index(TR),1000.68433315,10320,-0.14
2026-03-24,A144600,KODEX 은선물(H),위험,FX 및 원자재,real_asset,silver,S&P GSCI Silver Index(TR),1000.68433315,11400,0.10465116279069764
2026-03-25,A144600,KODEX 은선물(H),위험,FX 및 원자재,real_asset,silver,S&P GSCI Silver Index(TR),1000.68433315,12110,0.06228070175438605
2026-03-26,A144600,KODEX 은선물(H),위험,FX 및 원자재,real_asset,silver,S&P GSCI Silver Index(TR),1000.68433315,11550,-0.046242774566473965
2026-03-27,A144600,KODEX 은선물(H),위험,FX 및 원자재,real_asset,silver,S&P GSCI Silver Index(TR),1000.68433315,11545,-0.00043290043290045155
2026-03-30,A144600,KODEX 은선물(H),위험,FX 및 원자재,real_asset,silver,S&P GSCI Silver Index(TR),1000.68433315,11680,0.011693373754872338
2026-03-31,A144600,KODEX 은선물(H),위험,FX 및 원자재,real_asset,silver,S&P GSCI Silver Index(TR),1000.68433315,11900,0.018835616438356073
2026-04-01,A144600,KODEX 은선물(H),위험,FX 및 원자재,real_asset,silver,S&P GSCI Silver Index(TR),1000.68433315,12410,0.04285714285714293
2026-04-02,A144600,KODEX 은선물(H),위험,FX 및 원자재,real_asset,silver,S&P GSCI Silver Index(TR),1000.68433315,11615,-0.06406124093473009
2026-04-03,A144600,KODEX 은선물(H),위험,FX 및 원자재,real_asset,silver,S&P GSCI Silver Index(TR),1000.68433315,11880,0.02281532501076189
2026-04-06,A144600,KODEX 은선물(H),위험,FX 및 원자재,real_asset,silver,S&P GSCI Silver Index(TR),1000.68433315,11910,0.002525252525252597
2026-04-07,A144600,KODEX 은선물(H),위험,FX 및 원자재,real_asset,silver,S&P GSCI Silver Index(TR),1000.68433315,11920,0.0008396305625524292
2026-04-08,A144600,KODEX 은선물(H),위험,FX 및 원자재,real_asset,silver,S&P GSCI Silver Index(TR),1000.68433315,12800,0.0738255033557047
2026-04-09,A144600,KODEX 은선물(H),위험,FX 및 원자재,real_asset,silver,S&P GSCI Silver Index(TR),1000.68433315,12220,-0.04531249999999998
2026-04-10,A144600,KODEX 은선물(H),위험,FX 및 원자재,real_asset,silver,S&P GSCI Silver Index(TR),1000.68433315,12480,0.02127659574468077
2026-04-13,A144600,KODEX 은선물(H),위험,FX 및 원자재,real_asset,silver,S&P GSCI Silver Index(TR),1000.68433315,12310,-0.013621794871794823
2026-04-14,A144600,KODEX 은선물(H),위험,FX 및 원자재,real_asset,silver,S&P GSCI Silver Index(TR),1000.68433315,12690,0.03086921202274584
2026-04-15,A144600,KODEX 은선물(H),위험,FX 및 원자재,real_asset,silver,S&P GSCI Silver Index(TR),1000.68433315,13100,0.03230890464933012
2026-04-16,A144600,KODEX 은선물(H),위험,FX 및 원자재,real_asset,silver,S&P GSCI Silver Index(TR),1000.68433315,13270,0.012977099236641143
2026-04-17,A144600,KODEX 은선물(H),위험,FX 및 원자재,real_asset,silver,S&P GSCI Silver Index(TR),1000.68433315,12980,-0.021853805576488305
2026-04-20,A144600,KODEX 은선물(H),위험,FX 및 원자재,real_asset,silver,S&P GSCI Silver Index(TR),1000.68433315,13140,0.012326656394453073
2026-04-21,A144600,KODEX 은선물(H),위험,FX 및 원자재,real_asset,silver,S&P GSCI Silver Index(TR),1000.68433315,12995,-0.011035007610350034
2026-04-22,A144600,KODEX 은선물(H),위험,FX 및 원자재,real_asset,silver,S&P GSCI Silver Index(TR),1000.68433315,12935,-0.004617160446325541
2026-04-23,A144600,KODEX 은선물(H),위험,FX 및 원자재,real_asset,silver,S&P GSCI Silver Index(TR),1000.68433315,12540,-0.030537301894085767
2026-04-24,A144600,KODEX 은선물(H),위험,FX 및 원자재,real_asset,silver,S&P GSCI Silver Index(TR),1000.68433315,12320,-0.01754385964912286
2026-04-27,A144600,KODEX 은선물(H),위험,FX 및 원자재,real_asset,silver,S&P GSCI Silver Index(TR),1000.68433315,12515,0.015827922077922052
2026-04-28,A144600,KODEX 은선물(H),위험,FX 및 원자재,real_asset,silver,S&P GSCI Silver Index(TR),1000.68433315,12085,-0.03435876947662808
2026-04-29,A144600,KODEX 은선물(H),위험,FX 및 원자재,real_asset,silver,S&P GSCI Silver Index(TR),1000.68433315,12135,0.004137360364087739
2026-04-30,A144600,KODEX 은선물(H),위험,FX 및 원자재,real_asset,silver,S&P GSCI Silver Index(TR),1000.68433315,11930,-0.01689328388957556
2026-05-04,A144600,KODEX 은선물(H),위험,FX 및 원자재,real_asset,silver,S&P GSCI Silver Index(TR),1000.68433315,12350,0.035205364626990754
2026-05-06,A144600,KODEX 은선물(H),위험,FX 및 원자재,real_asset,silver,S&P GSCI Silver Index(TR),1000.68433315,12475,0.010121457489878471
2026-05-07,A144600,KODEX 은선물(H),위험,FX 및 원자재,real_asset,silver,S&P GSCI Silver Index(TR),1000.68433315,12910,0.034869739478957884
2026-05-08,A144600,KODEX 은선물(H),위험,FX 및 원자재,real_asset,silver,S&P GSCI Silver Index(TR),1000.68433315,13270,0.027885360185902375
2026-05-11,A144600,KODEX 은선물(H),위험,FX 및 원자재,real_asset,silver,S&P GSCI Silver Index(TR),1000.68433315,13255,-0.0011303692539562649
2026-05-12,A144600,KODEX 은선물(H),위험,FX 및 원자재,real_asset,silver,S&P GSCI Silver Index(TR),1000.68433315,13975,0.054319124858543955
2026-05-13,A144600,KODEX 은선물(H),위험,FX 및 원자재,real_asset,silver,S&P GSCI Silver Index(TR),1000.68433315,14320,0.02468694096601065
2026-05-14,A144600,KODEX 은선물(H),위험,FX 및 원자재,real_asset,silver,S&P GSCI Silver Index(TR),1000.68433315,14365,0.003142458100558576
2026-05-15,A144600,KODEX 은선물(H),위험,FX 및 원자재,real_asset,silver,S&P GSCI Silver Index(TR),1000.68433315,12950,-0.09850330664810303
2026-05-18,A144600,KODEX 은선물(H),위험,FX 및 원자재,real_asset,silver,S&P GSCI Silver Index(TR),1000.68433315,12380,-0.044015444015443994
2026-05-19,A144600,KODEX 은선물(H),위험,FX 및 원자재,real_asset,silver,S&P GSCI Silver Index(TR),1000.68433315,12550,0.013731825525040486
2026-05-20,A144600,KODEX 은선물(H),위험,FX 및 원자재,real_asset,silver,S&P GSCI Silver Index(TR),1000.68433315,12295,-0.020318725099601642
2026-05-21,A144600,KODEX 은선물(H),위험,FX 및 원자재,real_asset,silver,S&P GSCI Silver Index(TR),1000.68433315,12360,0.005286701911346059
2026-05-22,A144600,KODEX 은선물(H),위험,FX 및 원자재,real_asset,silver,S&P GSCI Silver Index(TR),1000.68433315,12560,0.016181229773462702
2026-01-02,A261220,KODEX WTI원유선물(H),위험,FX 및 원자재,real_asset,oil,S&P GSCI Crude Oil Index ER,484.36744929,13410,-0.0033444816053511683
2026-01-05,A261220,KODEX WTI원유선물(H),위험,FX 및 원자재,real_asset,oil,S&P GSCI Crude Oil Index ER,484.36744929,13220,-0.014168530947054392
2026-01-06,A261220,KODEX WTI원유선물(H),위험,FX 및 원자재,real_asset,oil,S&P GSCI Crude Oil Index ER,484.36744929,13470,0.018910741301058964
2026-01-07,A261220,KODEX WTI원유선물(H),위험,FX 및 원자재,real_asset,oil,S&P GSCI Crude Oil Index ER,484.36744929,13085,-0.028582034149962854
2026-01-08,A261220,KODEX WTI원유선물(H),위험,FX 및 원자재,real_asset,oil,S&P GSCI Crude Oil Index ER,484.36744929,13025,-0.004585403133358756
2026-01-09,A261220,KODEX WTI원유선물(H),위험,FX 및 원자재,real_asset,oil,S&P GSCI Crude Oil Index ER,484.36744929,13510,0.037236084452975104
2026-01-12,A261220,KODEX WTI원유선물(H),위험,FX 및 원자재,real_asset,oil,S&P GSCI Crude Oil Index ER,484.36744929,13725,0.015914137675795637
2026-01-13,A261220,KODEX WTI원유선물(H),위험,FX 및 원자재,real_asset,oil,S&P GSCI Crude Oil Index ER,484.36744929,13875,0.010928961748633892
2026-01-14,A261220,KODEX WTI원유선물(H),위험,FX 및 원자재,real_asset,oil,S&P GSCI Crude Oil Index ER,484.36744929,14125,0.018018018018018056
2026-01-15,A261220,KODEX WTI원유선물(H),위험,FX 및 원자재,real_asset,oil,S&P GSCI Crude Oil Index ER,484.36744929,14000,-0.008849557522123908
2026-01-16,A261220,KODEX WTI원유선물(H),위험,FX 및 원자재,real_asset,oil,S&P GSCI Crude Oil Index ER,484.36744929,13680,-0.02285714285714291
2026-01-19,A261220,KODEX WTI원유선물(H),위험,FX 및 원자재,real_asset,oil,S&P GSCI Crude Oil Index ER,484.36744929,13765,0.006213450292397615
2026-01-20,A261220,KODEX WTI원유선물(H),위험,FX 및 원자재,real_asset,oil,S&P GSCI Crude Oil Index ER,484.36744929,13830,0.004722121322193962
2026-01-21,A261220,KODEX WTI원유선물(H),위험,FX 및 원자재,real_asset,oil,S&P GSCI Crude Oil Index ER,484.36744929,13950,0.008676789587852562
2026-01-22,A261220,KODEX WTI원유선물(H),위험,FX 및 원자재,real_asset,oil,S&P GSCI Crude Oil Index ER,484.36744929,14100,0.010752688172043001
2026-01-23,A261220,KODEX WTI원유선물(H),위험,FX 및 원자재,real_asset,oil,S&P GSCI Crude Oil Index ER,484.36744929,13940,-0.01134751773049647
2026-01-26,A261220,KODEX WTI원유선물(H),위험,FX 및 원자재,real_asset,oil,S&P GSCI Crude Oil Index ER,484.36744929,14340,0.02869440459110484
2026-01-27,A261220,KODEX WTI원유선물(H),위험,FX 및 원자재,real_asset,oil,S&P GSCI Crude Oil Index ER,484.36744929,14095,-0.017085076708507674
2026-01-28,A261220,KODEX WTI원유선물(H),위험,FX 및 원자재,real_asset,oil,S&P GSCI Crude Oil Index ER,484.36744929,14625,0.03760198652004254
2026-01-29,A261220,KODEX WTI원유선물(H),위험,FX 및 원자재,real_asset,oil,S&P GSCI Crude Oil Index ER,484.36744929,14925,0.02051282051282044
2026-01-30,A261220,KODEX WTI원유선물(H),위험,FX 및 원자재,real_asset,oil,S&P GSCI Crude Oil Index ER,484.36744929,14965,0.0026800670016751127
2026-02-02,A261220,KODEX WTI원유선물(H),위험,FX 및 원자재,real_asset,oil,S&P GSCI Crude Oil Index ER,484.36744929,14355,-0.040761777480788464
2026-02-03,A261220,KODEX WTI원유선물(H),위험,FX 및 원자재,real_asset,oil,S&P GSCI Crude Oil Index ER,484.36744929,14425,0.004876349703935912
2026-02-04,A261220,KODEX WTI원유선물(H),위험,FX 및 원자재,real_asset,oil,S&P GSCI Crude Oil Index ER,484.36744929,14830,0.02807625649913348
2026-02-05,A261220,KODEX WTI원유선물(H),위험,FX 및 원자재,real_asset,oil,S&P GSCI Crude Oil Index ER,484.36744929,14840,0.0006743088334457692
2026-02-06,A261220,KODEX WTI원유선물(H),위험,FX 및 원자재,real_asset,oil,S&P GSCI Crude Oil Index ER,484.36744929,14925,0.005727762803234393
2026-02-09,A261220,KODEX WTI원유선물(H),위험,FX 및 원자재,real_asset,oil,S&P GSCI Crude Oil Index ER,484.36744929,14650,-0.018425460636515956
2026-02-10,A261220,KODEX WTI원유선물(H),위험,FX 및 원자재,real_asset,oil,S&P GSCI Crude Oil Index ER,484.36744929,14960,0.02116040955631404
2026-02-11,A261220,KODEX WTI원유선물(H),위험,FX 및 원자재,real_asset,oil,S&P GSCI Crude Oil Index ER,484.36744929,15000,0.002673796791443861
2026-02-12,A261220,KODEX WTI원유선물(H),위험,FX 및 원자재,real_asset,oil,S&P GSCI Crude Oil Index ER,484.36744929,15080,0.005333333333333412
2026-02-13,A261220,KODEX WTI원유선물(H),위험,FX 및 원자재,real_asset,oil,S&P GSCI Crude Oil Index ER,484.36744929,14590,-0.0324933687002652
2026-02-19,A261220,KODEX WTI원유선물(H),위험,FX 및 원자재,real_asset,oil,S&P GSCI Crude Oil Index ER,484.36744929,15225,0.04352296093214525
2026-02-20,A261220,KODEX WTI원유선물(H),위험,FX 및 원자재,real_asset,oil,S&P GSCI Crude Oil Index ER,484.36744929,15645,0.02758620689655178
2026-02-23,A261220,KODEX WTI원유선물(H),위험,FX 및 원자재,real_asset,oil,S&P GSCI Crude Oil Index ER,484.36744929,15375,-0.01725790987535958
2026-02-24,A261220,KODEX WTI원유선물(H),위험,FX 및 원자재,real_asset,oil,S&P GSCI Crude Oil Index ER,484.36744929,15580,0.01333333333333342
2026-02-25,A261220,KODEX WTI원유선물(H),위험,FX 및 원자재,real_asset,oil,S&P GSCI Crude Oil Index ER,484.36744929,15375,-0.013157894736842146
2026-02-26,A261220,KODEX WTI원유선물(H),위험,FX 및 원자재,real_asset,oil,S&P GSCI Crude Oil Index ER,484.36744929,15305,-0.004552845528455252
2026-02-27,A261220,KODEX WTI원유선물(H),위험,FX 및 원자재,real_asset,oil,S&P GSCI Crude Oil Index ER,484.36744929,15340,0.0022868343678537073
2026-03-03,A261220,KODEX WTI원유선물(H),위험,FX 및 원자재,real_asset,oil,S&P GSCI Crude Oil Index ER,484.36744929,17040,0.11082138200782277
2026-03-04,A261220,KODEX WTI원유선물(H),위험,FX 및 원자재,real_asset,oil,S&P GSCI Crude Oil Index ER,484.36744929,17920,0.05164319248826299
2026-03-05,A261220,KODEX WTI원유선물(H),위험,FX 및 원자재,real_asset,oil,S&P GSCI Crude Oil Index ER,484.36744929,18155,0.01311383928571419
2026-03-06,A261220,KODEX WTI원유선물(H),위험,FX 및 원자재,real_asset,oil,S&P GSCI Crude Oil Index ER,484.36744929,18900,0.04103552740291927
2026-03-09,A261220,KODEX WTI원유선물(H),위험,FX 및 원자재,real_asset,oil,S&P GSCI Crude Oil Index ER,484.36744929,24440,0.2931216931216931
2026-03-10,A261220,KODEX WTI원유선물(H),위험,FX 및 원자재,real_asset,oil,S&P GSCI Crude Oil Index ER,484.36744929,21000,-0.14075286415711952
2026-03-11,A261220,KODEX WTI원유선물(H),위험,FX 및 원자재,real_asset,oil,S&P GSCI Crude Oil Index ER,484.36744929,19965,-0.049285714285714266
2026-03-12,A261220,KODEX WTI원유선물(H),위험,FX 및 원자재,real_asset,oil,S&P GSCI Crude Oil Index ER,484.36744929,22075,0.10568494866015521
2026-03-13,A261220,KODEX WTI원유선물(H),위험,FX 및 원자재,real_asset,oil,S&P GSCI Crude Oil Index ER,484.36744929,22735,0.02989807474518691
2026-03-16,A261220,KODEX WTI원유선물(H),위험,FX 및 원자재,real_asset,oil,S&P GSCI Crude Oil Index ER,484.36744929,23560,0.0362876621948538
2026-03-17,A261220,KODEX WTI원유선물(H),위험,FX 및 원자재,real_asset,oil,S&P GSCI Crude Oil Index ER,484.36744929,23280,-0.011884550084889645
2026-03-18,A261220,KODEX WTI원유선물(H),위험,FX 및 원자재,real_asset,oil,S&P GSCI Crude Oil Index ER,484.36744929,22160,-0.04810996563573888
2026-03-19,A261220,KODEX WTI원유선물(H),위험,FX 및 원자재,real_asset,oil,S&P GSCI Crude Oil Index ER,484.36744929,23265,0.0498646209386282
2026-03-20,A261220,KODEX WTI원유선물(H),위험,FX 및 원자재,real_asset,oil,S&P GSCI Crude Oil Index ER,484.36744929,22680,-0.025145067698259194
2026-03-23,A261220,KODEX WTI원유선물(H),위험,FX 및 원자재,real_asset,oil,S&P GSCI Crude Oil Index ER,484.36744929,24130,0.06393298059964736
2026-03-24,A261220,KODEX WTI원유선물(H),위험,FX 및 원자재,real_asset,oil,S&P GSCI Crude Oil Index ER,484.36744929,22050,-0.08619975134687108
2026-03-25,A261220,KODEX WTI원유선물(H),위험,FX 및 원자재,real_asset,oil,S&P GSCI Crude Oil Index ER,484.36744929,21570,-0.0217687074829932
2026-03-26,A261220,KODEX WTI원유선물(H),위험,FX 및 원자재,real_asset,oil,S&P GSCI Crude Oil Index ER,484.36744929,22240,0.031061659712563694
2026-03-27,A261220,KODEX WTI원유선물(H),위험,FX 및 원자재,real_asset,oil,S&P GSCI Crude Oil Index ER,484.36744929,22665,0.019109712230215736
2026-03-30,A261220,KODEX WTI원유선물(H),위험,FX 및 원자재,real_asset,oil,S&P GSCI Crude Oil Index ER,484.36744929,24340,0.0739024928303551
2026-03-31,A261220,KODEX WTI원유선물(H),위험,FX 및 원자재,real_asset,oil,S&P GSCI Crude Oil Index ER,484.36744929,24780,0.018077239112571863
2026-04-01,A261220,KODEX WTI원유선물(H),위험,FX 및 원자재,real_asset,oil,S&P GSCI Crude Oil Index ER,484.36744929,23815,-0.03894269572235676
2026-04-02,A261220,KODEX WTI원유선물(H),위험,FX 및 원자재,real_asset,oil,S&P GSCI Crude Oil Index ER,484.36744929,25665,0.07768213310938488
2026-04-03,A261220,KODEX WTI원유선물(H),위험,FX 및 원자재,real_asset,oil,S&P GSCI Crude Oil Index ER,484.36744929,26205,0.021040327293980088
2026-04-06,A261220,KODEX WTI원유선물(H),위험,FX 및 원자재,real_asset,oil,S&P GSCI Crude Oil Index ER,484.36744929,26920,0.027284869299752046
2026-04-07,A261220,KODEX WTI원유선물(H),위험,FX 및 원자재,real_asset,oil,S&P GSCI Crude Oil Index ER,484.36744929,27795,0.03250371471025271
2026-04-08,A261220,KODEX WTI원유선물(H),위험,FX 및 원자재,real_asset,oil,S&P GSCI Crude Oil Index ER,484.36744929,22880,-0.1768303651735924
2026-04-09,A261220,KODEX WTI원유선물(H),위험,FX 및 원자재,real_asset,oil,S&P GSCI Crude Oil Index ER,484.36744929,23750,0.03802447552447563
2026-04-10,A261220,KODEX WTI원유선물(H),위험,FX 및 원자재,real_asset,oil,S&P GSCI Crude Oil Index ER,484.36744929,23925,0.007368421052631469
2026-04-13,A261220,KODEX WTI원유선물(H),위험,FX 및 원자재,real_asset,oil,S&P GSCI Crude Oil Index ER,484.36744929,25175,0.05224660397074188
2026-04-14,A261220,KODEX WTI원유선물(H),위험,FX 및 원자재,real_asset,oil,S&P GSCI Crude Oil Index ER,484.36744929,24005,-0.04647467725918575
2026-04-15,A261220,KODEX WTI원유선물(H),위험,FX 및 원자재,real_asset,oil,S&P GSCI Crude Oil Index ER,484.36744929,22930,-0.044782337013122286
2026-04-16,A261220,KODEX WTI원유선물(H),위험,FX 및 원자재,real_asset,oil,S&P GSCI Crude Oil Index ER,484.36744929,22905,-0.0010902747492368414
2026-04-17,A261220,KODEX WTI원유선물(H),위험,FX 및 원자재,real_asset,oil,S&P GSCI Crude Oil Index ER,484.36744929,23390,0.021174416066360946
2026-04-20,A261220,KODEX WTI원유선물(H),위험,FX 및 원자재,real_asset,oil,S&P GSCI Crude Oil Index ER,484.36744929,22840,-0.023514322359982853
2026-04-21,A261220,KODEX WTI원유선물(H),위험,FX 및 원자재,real_asset,oil,S&P GSCI Crude Oil Index ER,484.36744929,22500,-0.01488616462346759
2026-04-22,A261220,KODEX WTI원유선물(H),위험,FX 및 원자재,real_asset,oil,S&P GSCI Crude Oil Index ER,484.36744929,23105,0.026888888888888962
2026-04-23,A261220,KODEX WTI원유선물(H),위험,FX 및 원자재,real_asset,oil,S&P GSCI Crude Oil Index ER,484.36744929,24490,0.059943735122267805
2026-04-24,A261220,KODEX WTI원유선물(H),위험,FX 및 원자재,real_asset,oil,S&P GSCI Crude Oil Index ER,484.36744929,24985,0.020212331563903563
2026-04-27,A261220,KODEX WTI원유선물(H),위험,FX 및 원자재,real_asset,oil,S&P GSCI Crude Oil Index ER,484.36744929,25050,0.002601560936561942
2026-04-28,A261220,KODEX WTI원유선물(H),위험,FX 및 원자재,real_asset,oil,S&P GSCI Crude Oil Index ER,484.36744929,25505,0.018163672654690544
2026-04-29,A261220,KODEX WTI원유선물(H),위험,FX 및 원자재,real_asset,oil,S&P GSCI Crude Oil Index ER,484.36744929,26055,0.02156439913742414
2026-04-30,A261220,KODEX WTI원유선물(H),위험,FX 및 원자재,real_asset,oil,S&P GSCI Crude Oil Index ER,484.36744929,28625,0.09863749760122809
2026-05-04,A261220,KODEX WTI원유선물(H),위험,FX 및 원자재,real_asset,oil,S&P GSCI Crude Oil Index ER,484.36744929,26440,-0.07633187772925765
2026-05-06,A261220,KODEX WTI원유선물(H),위험,FX 및 원자재,real_asset,oil,S&P GSCI Crude Oil Index ER,484.36744929,26190,-0.009455370650529482
2026-05-07,A261220,KODEX WTI원유선물(H),위험,FX 및 원자재,real_asset,oil,S&P GSCI Crude Oil Index ER,484.36744929,24860,-0.050782741504390994
2026-05-08,A261220,KODEX WTI원유선물(H),위험,FX 및 원자재,real_asset,oil,S&P GSCI Crude Oil Index ER,484.36744929,24715,-0.0058326629123088836
2026-05-11,A261220,KODEX WTI원유선물(H),위험,FX 및 원자재,real_asset,oil,S&P GSCI Crude Oil Index ER,484.36744929,26125,0.057050374266639725
2026-05-12,A261220,KODEX WTI원유선물(H),위험,FX 및 원자재,real_asset,oil,S&P GSCI Crude Oil Index ER,484.36744929,26015,-0.004210526315789442
2026-05-13,A261220,KODEX WTI원유선물(H),위험,FX 및 원자재,real_asset,oil,S&P GSCI Crude Oil Index ER,484.36744929,26255,0.009225446857582087
2026-05-14,A261220,KODEX WTI원유선물(H),위험,FX 및 원자재,real_asset,oil,S&P GSCI Crude Oil Index ER,484.36744929,26300,0.0017139592458579322
2026-05-15,A261220,KODEX WTI원유선물(H),위험,FX 및 원자재,real_asset,oil,S&P GSCI Crude Oil Index ER,484.36744929,26920,0.023574144486691928
2026-05-18,A261220,KODEX WTI원유선물(H),위험,FX 및 원자재,real_asset,oil,S&P GSCI Crude Oil Index ER,484.36744929,28010,0.04049034175334332
2026-05-19,A261220,KODEX WTI원유선물(H),위험,FX 및 원자재,real_asset,oil,S&P GSCI Crude Oil Index ER,484.36744929,28110,0.003570153516601282
2026-05-20,A261220,KODEX WTI원유선물(H),위험,FX 및 원자재,real_asset,oil,S&P GSCI Crude Oil Index ER,484.36744929,27975,-0.0048025613660619415
2026-05-21,A261220,KODEX WTI원유선물(H),위험,FX 및 원자재,real_asset,oil,S&P GSCI Crude Oil Index ER,484.36744929,26995,-0.03503127792672034
2026-05-22,A261220,KODEX WTI원유선물(H),위험,FX 및 원자재,real_asset,oil,S&P GSCI Crude Oil Index ER,484.36744929,26595,-0.014817558807186493
2026-01-02,A261240,KODEX 미국달러선물,위험,FX 및 원자재,real_asset,fx,미국달러 선물지수,604.65213085,14615,0.0024005486968450285
2026-01-05,A261240,KODEX 미국달러선물,위험,FX 및 원자재,real_asset,fx,미국달러 선물지수,604.65213085,14635,0.0013684570646594896
2026-01-06,A261240,KODEX 미국달러선물,위험,FX 및 원자재,real_asset,fx,미국달러 선물지수,604.65213085,14650,0.0010249402118209794
2026-01-07,A261240,KODEX 미국달러선물,위험,FX 및 원자재,real_asset,fx,미국달러 선물지수,604.65213085,14650,0.0
2026-01-08,A261240,KODEX 미국달러선물,위험,FX 및 원자재,real_asset,fx,미국달러 선물지수,604.65213085,14695,0.0030716723549488734
2026-01-09,A261240,KODEX 미국달러선물,위험,FX 및 원자재,real_asset,fx,미국달러 선물지수,604.65213085,14785,0.006124532153793716
2026-01-12,A261240,KODEX 미국달러선물,위험,FX 및 원자재,real_asset,fx,미국달러 선물지수,604.65213085,14890,0.007101792357118608
2026-01-13,A261240,KODEX 미국달러선물,위험,FX 및 원자재,real_asset,fx,미국달러 선물지수,604.65213085,14945,0.003693754197447996
2026-01-14,A261240,KODEX 미국달러선물,위험,FX 및 원자재,real_asset,fx,미국달러 선물지수,604.65213085,14980,0.0023419203747072626
2026-01-15,A261240,KODEX 미국달러선물,위험,FX 및 원자재,real_asset,fx,미국달러 선물지수,604.65213085,14910,-0.004672897196261627
2026-01-16,A261240,KODEX 미국달러선물,위험,FX 및 원자재,real_asset,fx,미국달러 선물지수,604.65213085,14945,0.0023474178403755097
2026-01-19,A261240,KODEX 미국달러선물,위험,FX 및 원자재,real_asset,fx,미국달러 선물지수,604.65213085,14950,0.00033456005352960894
2026-01-20,A261240,KODEX 미국달러선물,위험,FX 및 원자재,real_asset,fx,미국달러 선물지수,604.65213085,14990,0.0026755852842810235
2026-01-21,A261240,KODEX 미국달러선물,위험,FX 및 원자재,real_asset,fx,미국달러 선물지수,604.65213085,14925,-0.00433622414943291
2026-01-22,A261240,KODEX 미국달러선물,위험,FX 및 원자재,real_asset,fx,미국달러 선물지수,604.65213085,14910,-0.0010050251256281673
2026-01-23,A261240,KODEX 미국달러선물,위험,FX 및 원자재,real_asset,fx,미국달러 선물지수,604.65213085,14865,-0.003018108651911433
2026-01-26,A261240,KODEX 미국달러선물,위험,FX 및 원자재,real_asset,fx,미국달러 선물지수,604.65213085,14620,-0.016481668348469536
2026-01-27,A261240,KODEX 미국달러선물,위험,FX 및 원자재,real_asset,fx,미국달러 선물지수,604.65213085,14655,0.002393980848153232
2026-01-28,A261240,KODEX 미국달러선물,위험,FX 및 원자재,real_asset,fx,미국달러 선물지수,604.65213085,14440,-0.014670760832480423
2026-01-29,A261240,KODEX 미국달러선물,위험,FX 및 원자재,real_asset,fx,미국달러 선물지수,604.65213085,14465,0.0017313019390581275
2026-01-30,A261240,KODEX 미국달러선물,위험,FX 및 원자재,real_asset,fx,미국달러 선물지수,604.65213085,14610,0.010024196335983504
2026-02-02,A261240,KODEX 미국달러선물,위험,FX 및 원자재,real_asset,fx,미국달러 선물지수,604.65213085,14850,0.01642710472279263
2026-02-03,A261240,KODEX 미국달러선물,위험,FX 및 원자재,real_asset,fx,미국달러 선물지수,604.65213085,14685,-0.011111111111111072
2026-02-04,A261240,KODEX 미국달러선물,위험,FX 및 원자재,real_asset,fx,미국달러 선물지수,604.65213085,14720,0.0023833844058562814
2026-02-05,A261240,KODEX 미국달러선물,위험,FX 및 원자재,real_asset,fx,미국달러 선물지수,604.65213085,14905,0.012567934782608647
2026-02-06,A261240,KODEX 미국달러선물,위험,FX 및 원자재,real_asset,fx,미국달러 선물지수,604.65213085,14910,0.0003354579000336422
2026-02-09,A261240,KODEX 미국달러선물,위험,FX 및 원자재,real_asset,fx,미국달러 선물지수,604.65213085,14840,-0.0046948356807511304
2026-02-10,A261240,KODEX 미국달러선물,위험,FX 및 원자재,real_asset,fx,미국달러 선물지수,604.65213085,14810,-0.0020215633423180668
2026-02-11,A261240,KODEX 미국달러선물,위험,FX 및 원자재,real_asset,fx,미국달러 선물지수,604.65213085,14730,-0.00540175557056044
2026-02-12,A261240,KODEX 미국달러선물,위험,FX 및 원자재,real_asset,fx,미국달러 선물지수,604.65213085,14655,-0.005091649694501044
2026-02-13,A261240,KODEX 미국달러선물,위험,FX 및 원자재,real_asset,fx,미국달러 선물지수,604.65213085,14680,0.0017059024223813335
2026-02-19,A261240,KODEX 미국달러선물,위험,FX 및 원자재,real_asset,fx,미국달러 선물지수,604.65213085,14710,0.002043596730245234
2026-02-20,A261240,KODEX 미국달러선물,위험,FX 및 원자재,real_asset,fx,미국달러 선물지수,604.65213085,14710,0.0
2026-02-23,A261240,KODEX 미국달러선물,위험,FX 및 원자재,real_asset,fx,미국달러 선물지수,604.65213085,14655,-0.003738953093133879
2026-02-24,A261240,KODEX 미국달러선물,위험,FX 및 원자재,real_asset,fx,미국달러 선물지수,604.65213085,14680,0.0017059024223813335
2026-02-25,A261240,KODEX 미국달러선물,위험,FX 및 원자재,real_asset,fx,미국달러 선물지수,604.65213085,14550,-0.008855585831062718
2026-02-26,A261240,KODEX 미국달러선물,위험,FX 및 원자재,real_asset,fx,미국달러 선물지수,604.65213085,14515,-0.002405498281786933
2026-02-27,A261240,KODEX 미국달러선물,위험,FX 및 원자재,real_asset,fx,미국달러 선물지수,604.65213085,14645,0.008956252152945154
2026-03-03,A261240,KODEX 미국달러선물,위험,FX 및 원자재,real_asset,fx,미국달러 선물지수,604.65213085,14930,0.0194605667463299
2026-03-04,A261240,KODEX 미국달러선물,위험,FX 및 원자재,real_asset,fx,미국달러 선물지수,604.65213085,15035,0.00703281982585402
2026-03-05,A261240,KODEX 미국달러선물,위험,FX 및 원자재,real_asset,fx,미국달러 선물지수,604.65213085,14960,-0.004988360492184873
2026-03-06,A261240,KODEX 미국달러선물,위험,FX 및 원자재,real_asset,fx,미국달러 선물지수,604.65213085,15025,0.004344919786096302
2026-03-09,A261240,KODEX 미국달러선물,위험,FX 및 원자재,real_asset,fx,미국달러 선물지수,604.65213085,15235,0.013976705490848618
2026-03-10,A261240,KODEX 미국달러선물,위험,FX 및 원자재,real_asset,fx,미국달러 선물지수,604.65213085,14975,-0.01706596652445025
2026-03-11,A261240,KODEX 미국달러선물,위험,FX 및 원자재,real_asset,fx,미국달러 선물지수,604.65213085,14935,-0.002671118530884753
2026-03-12,A261240,KODEX 미국달러선물,위험,FX 및 원자재,real_asset,fx,미국달러 선물지수,604.65213085,15085,0.010043521928356114
2026-03-13,A261240,KODEX 미국달러선물,위험,FX 및 원자재,real_asset,fx,미국달러 선물지수,604.65213085,15220,0.008949287371561088
2026-03-16,A261240,KODEX 미국달러선물,위험,FX 및 원자재,real_asset,fx,미국달러 선물지수,604.65213085,15255,0.0022996057818660542
2026-03-17,A261240,KODEX 미국달러선물,위험,FX 및 원자재,real_asset,fx,미국달러 선물지수,604.65213085,15210,-0.002949852507374673
2026-03-18,A261240,KODEX 미국달러선물,위험,FX 및 원자재,real_asset,fx,미국달러 선물지수,604.65213085,15105,-0.006903353057199246
2026-03-19,A261240,KODEX 미국달러선물,위험,FX 및 원자재,real_asset,fx,미국달러 선물지수,604.65213085,15305,0.013240648791790877
2026-03-20,A261240,KODEX 미국달러선물,위험,FX 및 원자재,real_asset,fx,미국달러 선물지수,604.65213085,15300,-0.00032669062397905346
2026-03-23,A261240,KODEX 미국달러선물,위험,FX 및 원자재,real_asset,fx,미국달러 선물지수,604.65213085,15475,0.011437908496731986
2026-03-24,A261240,KODEX 미국달러선물,위험,FX 및 원자재,real_asset,fx,미국달러 선물지수,604.65213085,15255,-0.0142164781906301
2026-03-25,A261240,KODEX 미국달러선물,위험,FX 및 원자재,real_asset,fx,미국달러 선물지수,604.65213085,15295,0.0026220911176664252
2026-03-26,A261240,KODEX 미국달러선물,위험,FX 및 원자재,real_asset,fx,미국달러 선물지수,604.65213085,15375,0.0052304674730303535
2026-03-27,A261240,KODEX 미국달러선물,위험,FX 및 원자재,real_asset,fx,미국달러 선물지수,604.65213085,15385,0.0006504065040651152
2026-03-30,A261240,KODEX 미국달러선물,위험,FX 및 원자재,real_asset,fx,미국달러 선물지수,604.65213085,15465,0.00519987000324984
2026-03-31,A261240,KODEX 미국달러선물,위험,FX 및 원자재,real_asset,fx,미국달러 선물지수,604.65213085,15650,0.011962495958616204
2026-04-01,A261240,KODEX 미국달러선물,위험,FX 및 원자재,real_asset,fx,미국달러 선물지수,604.65213085,15330,-0.020447284345047945
2026-04-02,A261240,KODEX 미국달러선물,위험,FX 및 원자재,real_asset,fx,미국달러 선물지수,604.65213085,15520,0.012393998695368502
2026-04-03,A261240,KODEX 미국달러선물,위험,FX 및 원자재,real_asset,fx,미국달러 선물지수,604.65213085,15365,-0.00998711340206182
2026-04-06,A261240,KODEX 미국달러선물,위험,FX 및 원자재,real_asset,fx,미국달러 선물지수,604.65213085,15370,0.00032541490400261885
2026-04-07,A261240,KODEX 미국달러선물,위험,FX 및 원자재,real_asset,fx,미국달러 선물지수,604.65213085,15355,-0.0009759271307742123
2026-04-08,A261240,KODEX 미국달러선물,위험,FX 및 원자재,real_asset,fx,미국달러 선물지수,604.65213085,15025,-0.021491370888961248
2026-04-09,A261240,KODEX 미국달러선물,위험,FX 및 원자재,real_asset,fx,미국달러 선물지수,604.65213085,15135,0.007321131447587392
2026-04-10,A261240,KODEX 미국달러선물,위험,FX 및 원자재,real_asset,fx,미국달러 선물지수,604.65213085,15130,-0.00033036009250086984
2026-04-13,A261240,KODEX 미국달러선물,위험,FX 및 원자재,real_asset,fx,미국달러 선물지수,604.65213085,15215,0.00561797752808979
2026-04-14,A261240,KODEX 미국달러선물,위험,FX 및 원자재,real_asset,fx,미국달러 선물지수,604.65213085,15135,-0.005257969109431437
2026-04-15,A261240,KODEX 미국달러선물,위험,FX 및 원자재,real_asset,fx,미국달러 선물지수,604.65213085,15065,-0.004625041295011512
2026-04-16,A261240,KODEX 미국달러선물,위험,FX 및 원자재,real_asset,fx,미국달러 선물지수,604.65213085,15050,-0.0009956853634252028
2026-04-17,A261240,KODEX 미국달러선물,위험,FX 및 원자재,real_asset,fx,미국달러 선물지수,604.65213085,15140,0.005980066445182786
2026-04-20,A261240,KODEX 미국달러선물,위험,FX 및 원자재,real_asset,fx,미국달러 선물지수,604.65213085,15095,-0.002972258916776771
2026-04-21,A261240,KODEX 미국달러선물,위험,FX 및 원자재,real_asset,fx,미국달러 선물지수,604.65213085,15015,-0.005299768135144101
2026-04-22,A261240,KODEX 미국달러선물,위험,FX 및 원자재,real_asset,fx,미국달러 선물지수,604.65213085,15090,0.004995004995004937
2026-04-23,A261240,KODEX 미국달러선물,위험,FX 및 원자재,real_asset,fx,미국달러 선물지수,604.65213085,15125,0.0023194168323392717
2026-04-24,A261240,KODEX 미국달러선물,위험,FX 및 원자재,real_asset,fx,미국달러 선물지수,604.65213085,15170,0.002975206611570247
2026-04-27,A261240,KODEX 미국달러선물,위험,FX 및 원자재,real_asset,fx,미국달러 선물지수,604.65213085,15055,-0.007580751483190484
2026-04-28,A261240,KODEX 미국달러선물,위험,FX 및 원자재,real_asset,fx,미국달러 선물지수,604.65213085,15055,0.0
2026-04-29,A261240,KODEX 미국달러선물,위험,FX 및 원자재,real_asset,fx,미국달러 선물지수,604.65213085,15125,0.004649618067087413
2026-04-30,A261240,KODEX 미국달러선물,위험,FX 및 원자재,real_asset,fx,미국달러 선물지수,604.65213085,15180,0.0036363636363636598
2026-05-04,A261240,KODEX 미국달러선물,위험,FX 및 원자재,real_asset,fx,미국달러 선물지수,604.65213085,14980,-0.013175230566534912
2026-05-06,A261240,KODEX 미국달러선물,위험,FX 및 원자재,real_asset,fx,미국달러 선물지수,604.65213085,14885,-0.006341789052069391
2026-05-07,A261240,KODEX 미국달러선물,위험,FX 및 원자재,real_asset,fx,미국달러 선물지수,604.65213085,14885,0.0
2026-05-08,A261240,KODEX 미국달러선물,위험,FX 및 원자재,real_asset,fx,미국달러 선물지수,604.65213085,15040,0.010413167618407826
2026-05-11,A261240,KODEX 미국달러선물,위험,FX 및 원자재,real_asset,fx,미국달러 선물지수,604.65213085,15080,0.0026595744680850686
2026-05-12,A261240,KODEX 미국달러선물,위험,FX 및 원자재,real_asset,fx,미국달러 선물지수,604.65213085,15230,0.009946949602122057
2026-05-13,A261240,KODEX 미국달러선물,위험,FX 및 원자재,real_asset,fx,미국달러 선물지수,604.65213085,15250,0.0013131976362441566
2026-05-14,A261240,KODEX 미국달러선물,위험,FX 및 원자재,real_asset,fx,미국달러 선물지수,604.65213085,15255,0.0003278688524590567
2026-05-15,A261240,KODEX 미국달러선물,위험,FX 및 원자재,real_asset,fx,미국달러 선물지수,604.65213085,15375,0.007866273352999054
2026-05-18,A261240,KODEX 미국달러선물,위험,FX 및 원자재,real_asset,fx,미국달러 선물지수,604.65213085,15365,-0.0006504065040650042
2026-05-19,A261240,KODEX 미국달러선물,위험,FX 및 원자재,real_asset,fx,미국달러 선물지수,604.65213085,15445,0.00520663846404168
2026-05-20,A261240,KODEX 미국달러선물,위험,FX 및 원자재,real_asset,fx,미국달러 선물지수,604.65213085,15415,-0.0019423761735188894
2026-05-21,A261240,KODEX 미국달러선물,위험,FX 및 원자재,real_asset,fx,미국달러 선물지수,604.65213085,15425,0.0006487187804087302
2026-05-22,A261240,KODEX 미국달러선물,위험,FX 및 원자재,real_asset,fx,미국달러 선물지수,604.65213085,15540,0.007455429497568833
2026-01-02,A271060,KODEX 3대농산물선물(H),위험,FX 및 원자재,real_asset,grain,S&P GSCI Grains Select Index Excess Return,250.91502787,7785,-0.005747126436781658
2026-01-05,A271060,KODEX 3대농산물선물(H),위험,FX 및 원자재,real_asset,grain,S&P GSCI Grains Select Index Excess Return,250.91502787,7740,-0.005780346820809301
2026-01-06,A271060,KODEX 3대농산물선물(H),위험,FX 및 원자재,real_asset,grain,S&P GSCI Grains Select Index Excess Return,250.91502787,7840,0.012919896640826822
2026-01-07,A271060,KODEX 3대농산물선물(H),위험,FX 및 원자재,real_asset,grain,S&P GSCI Grains Select Index Excess Return,250.91502787,7840,0.0
2026-01-08,A271060,KODEX 3대농산물선물(H),위험,FX 및 원자재,real_asset,grain,S&P GSCI Grains Select Index Excess Return,250.91502787,7845,0.0006377551020408934
2026-01-09,A271060,KODEX 3대농산물선물(H),위험,FX 및 원자재,real_asset,grain,S&P GSCI Grains Select Index Excess Return,250.91502787,7880,0.004461440407903083
2026-01-12,A271060,KODEX 3대농산물선물(H),위험,FX 및 원자재,real_asset,grain,S&P GSCI Grains Select Index Excess Return,250.91502787,7880,0.0
2026-01-13,A271060,KODEX 3대농산물선물(H),위험,FX 및 원자재,real_asset,grain,S&P GSCI Grains Select Index Excess Return,250.91502787,7615,-0.03362944162436543
2026-01-14,A271060,KODEX 3대농산물선물(H),위험,FX 및 원자재,real_asset,grain,S&P GSCI Grains Select Index Excess Return,250.91502787,7595,-0.0026263952724885353
2026-01-15,A271060,KODEX 3대농산물선물(H),위험,FX 및 원자재,real_asset,grain,S&P GSCI Grains Select Index Excess Return,250.91502787,7620,0.003291639236339794
2026-01-16,A271060,KODEX 3대농산물선물(H),위험,FX 및 원자재,real_asset,grain,S&P GSCI Grains Select Index Excess Return,250.91502787,7590,-0.003937007874015741
2026-01-19,A271060,KODEX 3대농산물선물(H),위험,FX 및 원자재,real_asset,grain,S&P GSCI Grains Select Index Excess Return,250.91502787,7630,0.005270092226614009
2026-01-20,A271060,KODEX 3대농산물선물(H),위험,FX 및 원자재,real_asset,grain,S&P GSCI Grains Select Index Excess Return,250.91502787,7630,0.0
2026-01-21,A271060,KODEX 3대농산물선물(H),위험,FX 및 원자재,real_asset,grain,S&P GSCI Grains Select Index Excess Return,250.91502787,7650,0.002621231979030192
2026-01-22,A271060,KODEX 3대농산물선물(H),위험,FX 및 원자재,real_asset,grain,S&P GSCI Grains Select Index Excess Return,250.91502787,7655,0.0006535947712418277
2026-01-23,A271060,KODEX 3대농산물선물(H),위험,FX 및 원자재,real_asset,grain,S&P GSCI Grains Select Index Excess Return,250.91502787,7660,0.0006531678641410466
2026-01-26,A271060,KODEX 3대농산물선물(H),위험,FX 및 원자재,real_asset,grain,S&P GSCI Grains Select Index Excess Return,250.91502787,7820,0.02088772845953013
2026-01-27,A271060,KODEX 3대농산물선물(H),위험,FX 및 원자재,real_asset,grain,S&P GSCI Grains Select Index Excess Return,250.91502787,7710,-0.014066496163682829
2026-01-28,A271060,KODEX 3대농산물선물(H),위험,FX 및 원자재,real_asset,grain,S&P GSCI Grains Select Index Excess Return,250.91502787,7770,0.0077821011673151474
2026-01-29,A271060,KODEX 3대농산물선물(H),위험,FX 및 원자재,real_asset,grain,S&P GSCI Grains Select Index Excess Return,250.91502787,7825,0.007078507078507101
2026-01-30,A271060,KODEX 3대농산물선물(H),위험,FX 및 원자재,real_asset,grain,S&P GSCI Grains Select Index Excess Return,250.91502787,7820,-0.0006389776357828003
2026-02-02,A271060,KODEX 3대농산물선물(H),위험,FX 및 원자재,real_asset,grain,S&P GSCI Grains Select Index Excess Return,250.91502787,7650,-0.021739130434782594
2026-02-03,A271060,KODEX 3대농산물선물(H),위험,FX 및 원자재,real_asset,grain,S&P GSCI Grains Select Index Excess Return,250.91502787,7750,0.013071895424836555
2026-02-04,A271060,KODEX 3대농산물선물(H),위험,FX 및 원자재,real_asset,grain,S&P GSCI Grains Select Index Excess Return,250.91502787,7765,0.001935483870967758
2026-02-05,A271060,KODEX 3대농산물선물(H),위험,FX 및 원자재,real_asset,grain,S&P GSCI Grains Select Index Excess Return,250.91502787,7775,0.0012878300064391723
2026-02-06,A271060,KODEX 3대농산물선물(H),위험,FX 및 원자재,real_asset,grain,S&P GSCI Grains Select Index Excess Return,250.91502787,7920,0.01864951768488754
2026-02-09,A271060,KODEX 3대농산물선물(H),위험,FX 및 원자재,real_asset,grain,S&P GSCI Grains Select Index Excess Return,250.91502787,7855,-0.008207070707070718
2026-02-10,A271060,KODEX 3대농산물선물(H),위험,FX 및 원자재,real_asset,grain,S&P GSCI Grains Select Index Excess Return,250.91502787,7845,-0.0012730744748568057
2026-02-11,A271060,KODEX 3대농산물선물(H),위험,FX 및 원자재,real_asset,grain,S&P GSCI Grains Select Index Excess Return,250.91502787,7900,0.007010834926704845
2026-02-12,A271060,KODEX 3대농산물선물(H),위험,FX 및 원자재,real_asset,grain,S&P GSCI Grains Select Index Excess Return,250.91502787,7910,0.0012658227848101333
2026-02-13,A271060,KODEX 3대농산물선물(H),위험,FX 및 원자재,real_asset,grain,S&P GSCI Grains Select Index Excess Return,250.91502787,8005,0.012010113780025256
2026-02-19,A271060,KODEX 3대농산물선물(H),위험,FX 및 원자재,real_asset,grain,S&P GSCI Grains Select Index Excess Return,250.91502787,7990,-0.0018738288569644101
2026-02-20,A271060,KODEX 3대농산물선물(H),위험,FX 및 원자재,real_asset,grain,S&P GSCI Grains Select Index Excess Return,250.91502787,8000,0.0012515644555695093
2026-02-23,A271060,KODEX 3대농산물선물(H),위험,FX 및 원자재,real_asset,grain,S&P GSCI Grains Select Index Excess Return,250.91502787,8065,0.008124999999999938
2026-02-24,A271060,KODEX 3대농산물선물(H),위험,FX 및 원자재,real_asset,grain,S&P GSCI Grains Select Index Excess Return,250.91502787,8015,-0.0061996280223186595
2026-02-25,A271060,KODEX 3대농산물선물(H),위험,FX 및 원자재,real_asset,grain,S&P GSCI Grains Select Index Excess Return,250.91502787,8065,0.006238303181534732
2026-02-26,A271060,KODEX 3대농산물선물(H),위험,FX 및 원자재,real_asset,grain,S&P GSCI Grains Select Index Excess Return,250.91502787,8070,0.000619962802231866
2026-02-27,A271060,KODEX 3대농산물선물(H),위험,FX 및 원자재,real_asset,grain,S&P GSCI Grains Select Index Excess Return,250.91502787,8125,0.006815365551424923
2026-03-03,A271060,KODEX 3대농산물선물(H),위험,FX 및 원자재,real_asset,grain,S&P GSCI Grains Select Index Excess Return,250.91502787,8195,0.008615384615384691
2026-03-04,A271060,KODEX 3대농산물선물(H),위험,FX 및 원자재,real_asset,grain,S&P GSCI Grains Select Index Excess Return,250.91502787,8165,-0.0036607687614399476
2026-03-05,A271060,KODEX 3대농산물선물(H),위험,FX 및 원자재,real_asset,grain,S&P GSCI Grains Select Index Excess Return,250.91502787,8125,-0.004898958971218614
2026-03-06,A271060,KODEX 3대농산물선물(H),위험,FX 및 원자재,real_asset,grain,S&P GSCI Grains Select Index Excess Return,250.91502787,8305,0.02215384615384619
2026-03-09,A271060,KODEX 3대농산물선물(H),위험,FX 및 원자재,real_asset,grain,S&P GSCI Grains Select Index Excess Return,250.91502787,8710,0.04876580373269124
2026-03-10,A271060,KODEX 3대농산물선물(H),위험,FX 및 원자재,real_asset,grain,S&P GSCI Grains Select Index Excess Return,250.91502787,8300,-0.04707233065442018
2026-03-11,A271060,KODEX 3대농산물선물(H),위험,FX 및 원자재,real_asset,grain,S&P GSCI Grains Select Index Excess Return,250.91502787,8365,0.007831325301204783
2026-03-12,A271060,KODEX 3대농산물선물(H),위험,FX 및 원자재,real_asset,grain,S&P GSCI Grains Select Index Excess Return,250.91502787,8520,0.018529587567244432
2026-03-13,A271060,KODEX 3대농산물선물(H),위험,FX 및 원자재,real_asset,grain,S&P GSCI Grains Select Index Excess Return,250.91502787,8535,0.0017605633802817433
2026-03-16,A271060,KODEX 3대농산물선물(H),위험,FX 및 원자재,real_asset,grain,S&P GSCI Grains Select Index Excess Return,250.91502787,8485,-0.005858230814294041
2026-03-17,A271060,KODEX 3대농산물선물(H),위험,FX 및 원자재,real_asset,grain,S&P GSCI Grains Select Index Excess Return,250.91502787,8340,-0.01708898055391872
2026-03-18,A271060,KODEX 3대농산물선물(H),위험,FX 및 원자재,real_asset,grain,S&P GSCI Grains Select Index Excess Return,250.91502787,8215,-0.014988009592326157
2026-03-19,A271060,KODEX 3대농산물선물(H),위험,FX 및 원자재,real_asset,grain,S&P GSCI Grains Select Index Excess Return,250.91502787,8425,0.025562994522215554
2026-03-20,A271060,KODEX 3대농산물선물(H),위험,FX 및 원자재,real_asset,grain,S&P GSCI Grains Select Index Excess Return,250.91502787,8490,0.007715133531157381
2026-03-23,A271060,KODEX 3대농산물선물(H),위험,FX 및 원자재,real_asset,grain,S&P GSCI Grains Select Index Excess Return,250.91502787,8475,-0.0017667844522968323
2026-03-24,A271060,KODEX 3대농산물선물(H),위험,FX 및 원자재,real_asset,grain,S&P GSCI Grains Select Index Excess Return,250.91502787,8345,-0.015339233038348055
2026-03-25,A271060,KODEX 3대농산물선물(H),위험,FX 및 원자재,real_asset,grain,S&P GSCI Grains Select Index Excess Return,250.91502787,8260,-0.010185739964050367
2026-03-26,A271060,KODEX 3대농산물선물(H),위험,FX 및 원자재,real_asset,grain,S&P GSCI Grains Select Index Excess Return,250.91502787,8455,0.02360774818401934
2026-03-27,A271060,KODEX 3대농산물선물(H),위험,FX 및 원자재,real_asset,grain,S&P GSCI Grains Select Index Excess Return,250.91502787,8455,0.0
2026-03-30,A271060,KODEX 3대농산물선물(H),위험,FX 및 원자재,real_asset,grain,S&P GSCI Grains Select Index Excess Return,250.91502787,8430,-0.002956830277942024
2026-03-31,A271060,KODEX 3대농산물선물(H),위험,FX 및 원자재,real_asset,grain,S&P GSCI Grains Select Index Excess Return,250.91502787,8335,-0.011269276393831573
2026-04-01,A271060,KODEX 3대농산물선물(H),위험,FX 및 원자재,real_asset,grain,S&P GSCI Grains Select Index Excess Return,250.91502787,8360,0.0029994001199760145
2026-04-02,A271060,KODEX 3대농산물선물(H),위험,FX 및 원자재,real_asset,grain,S&P GSCI Grains Select Index Excess Return,250.91502787,8395,0.004186602870813294
2026-04-03,A271060,KODEX 3대농산물선물(H),위험,FX 및 원자재,real_asset,grain,S&P GSCI Grains Select Index Excess Return,250.91502787,8430,0.004169148302560988
2026-04-06,A271060,KODEX 3대농산물선물(H),위험,FX 및 원자재,real_asset,grain,S&P GSCI Grains Select Index Excess Return,250.91502787,8240,-0.022538552787663146
2026-04-07,A271060,KODEX 3대농산물선물(H),위험,FX 및 원자재,real_asset,grain,S&P GSCI Grains Select Index Excess Return,250.91502787,8310,0.008495145631068013
2026-04-08,A271060,KODEX 3대농산물선물(H),위험,FX 및 원자재,real_asset,grain,S&P GSCI Grains Select Index Excess Return,250.91502787,8135,-0.021058965102286442
2026-04-09,A271060,KODEX 3대농산물선물(H),위험,FX 및 원자재,real_asset,grain,S&P GSCI Grains Select Index Excess Return,250.91502787,8220,0.010448678549477508
2026-04-10,A271060,KODEX 3대농산물선물(H),위험,FX 및 원자재,real_asset,grain,S&P GSCI Grains Select Index Excess Return,250.91502787,8180,-0.0048661800486617945
2026-04-13,A271060,KODEX 3대농산물선물(H),위험,FX 및 원자재,real_asset,grain,S&P GSCI Grains Select Index Excess Return,250.91502787,8195,0.001833740831295838
2026-04-14,A271060,KODEX 3대농산물선물(H),위험,FX 및 원자재,real_asset,grain,S&P GSCI Grains Select Index Excess Return,250.91502787,8150,-0.005491153142159866
2026-04-15,A271060,KODEX 3대농산물선물(H),위험,FX 및 원자재,real_asset,grain,S&P GSCI Grains Select Index Excess Return,250.91502787,8245,0.011656441717791344
2026-04-16,A271060,KODEX 3대농산물선물(H),위험,FX 및 원자재,real_asset,grain,S&P GSCI Grains Select Index Excess Return,250.91502787,8295,0.006064281382656134
2026-04-17,A271060,KODEX 3대농산물선물(H),위험,FX 및 원자재,real_asset,grain,S&P GSCI Grains Select Index Excess Return,250.91502787,8270,-0.003013863773357439
2026-04-20,A271060,KODEX 3대농산물선물(H),위험,FX 및 원자재,real_asset,grain,S&P GSCI Grains Select Index Excess Return,250.91502787,8280,0.0012091898428052694
2026-04-21,A271060,KODEX 3대농산물선물(H),위험,FX 및 원자재,real_asset,grain,S&P GSCI Grains Select Index Excess Return,250.91502787,8280,0.0
2026-04-22,A271060,KODEX 3대농산물선물(H),위험,FX 및 원자재,real_asset,grain,S&P GSCI Grains Select Index Excess Return,250.91502787,8360,0.009661835748792313
2026-04-23,A271060,KODEX 3대농산물선물(H),위험,FX 및 원자재,real_asset,grain,S&P GSCI Grains Select Index Excess Return,250.91502787,8275,-0.010167464114832492
2026-04-24,A271060,KODEX 3대농산물선물(H),위험,FX 및 원자재,real_asset,grain,S&P GSCI Grains Select Index Excess Return,250.91502787,8315,0.004833836858006091
2026-04-27,A271060,KODEX 3대농산물선물(H),위험,FX 및 원자재,real_asset,grain,S&P GSCI Grains Select Index Excess Return,250.91502787,8370,0.00661455201443184
2026-04-28,A271060,KODEX 3대농산물선물(H),위험,FX 및 원자재,real_asset,grain,S&P GSCI Grains Select Index Excess Return,250.91502787,8450,0.009557945041815952
2026-04-29,A271060,KODEX 3대농산물선물(H),위험,FX 및 원자재,real_asset,grain,S&P GSCI Grains Select Index Excess Return,250.91502787,8590,0.016568047337278013
2026-04-30,A271060,KODEX 3대농산물선물(H),위험,FX 및 원자재,real_asset,grain,S&P GSCI Grains Select Index Excess Return,250.91502787,8635,0.0052386495925493826
2026-05-04,A271060,KODEX 3대농산물선물(H),위험,FX 및 원자재,real_asset,grain,S&P GSCI Grains Select Index Excess Return,250.91502787,8570,-0.007527504342790925
2026-05-06,A271060,KODEX 3대농산물선물(H),위험,FX 및 원자재,real_asset,grain,S&P GSCI Grains Select Index Excess Return,250.91502787,8495,-0.00875145857642945
2026-05-07,A271060,KODEX 3대농산물선물(H),위험,FX 및 원자재,real_asset,grain,S&P GSCI Grains Select Index Excess Return,250.91502787,8320,-0.020600353148911177
2026-05-08,A271060,KODEX 3대농산물선물(H),위험,FX 및 원자재,real_asset,grain,S&P GSCI Grains Select Index Excess Return,250.91502787,8330,0.0012019230769231282
2026-05-11,A271060,KODEX 3대농산물선물(H),위험,FX 및 원자재,real_asset,grain,S&P GSCI Grains Select Index Excess Return,250.91502787,8520,0.02280912364945986
2026-05-12,A271060,KODEX 3대농산물선물(H),위험,FX 및 원자재,real_asset,grain,S&P GSCI Grains Select Index Excess Return,250.91502787,8600,0.009389671361502261
2026-05-13,A271060,KODEX 3대농산물선물(H),위험,FX 및 원자재,real_asset,grain,S&P GSCI Grains Select Index Excess Return,250.91502787,8690,0.010465116279069875
2026-05-14,A271060,KODEX 3대농산물선물(H),위험,FX 및 원자재,real_asset,grain,S&P GSCI Grains Select Index Excess Return,250.91502787,8835,0.01668584579976984
2026-05-15,A271060,KODEX 3대농산물선물(H),위험,FX 및 원자재,real_asset,grain,S&P GSCI Grains Select Index Excess Return,250.91502787,8535,-0.03395585738539897
2026-05-18,A271060,KODEX 3대농산물선물(H),위험,FX 및 원자재,real_asset,grain,S&P GSCI Grains Select Index Excess Return,250.91502787,8535,0.0
2026-05-19,A271060,KODEX 3대농산물선물(H),위험,FX 및 원자재,real_asset,grain,S&P GSCI Grains Select Index Excess Return,250.91502787,8740,0.02401874633860568
2026-05-20,A271060,KODEX 3대농산물선물(H),위험,FX 및 원자재,real_asset,grain,S&P GSCI Grains Select Index Excess Return,250.91502787,8620,-0.013729977116704761
2026-05-21,A271060,KODEX 3대농산물선물(H),위험,FX 및 원자재,real_asset,grain,S&P GSCI Grains Select Index Excess Return,250.91502787,8450,-0.019721577726218076
2026-05-22,A271060,KODEX 3대농산물선물(H),위험,FX 및 원자재,real_asset,grain,S&P GSCI Grains Select Index Excess Return,250.91502787,8470,0.002366863905325367
2026-01-02,A292560,TIGER 일본엔선물,위험,FX 및 원자재,real_asset,fx,엔선물지수,820.19271348,8530,-0.0029222676797194813
2026-01-05,A292560,TIGER 일본엔선물,위험,FX 및 원자재,real_asset,fx,엔선물지수,820.19271348,8535,0.0005861664712778492
2026-01-06,A292560,TIGER 일본엔선물,위험,FX 및 원자재,real_asset,fx,엔선물지수,820.19271348,8580,0.005272407732864748
2026-01-07,A292560,TIGER 일본엔선물,위험,FX 및 원자재,real_asset,fx,엔선물지수,820.19271348,8585,0.0005827505827504798
2026-01-08,A292560,TIGER 일본엔선물,위험,FX 및 원자재,real_asset,fx,엔선물지수,820.19271348,8590,0.0005824111822947398
2026-01-09,A292560,TIGER 일본엔선물,위험,FX 및 원자재,real_asset,fx,엔선물지수,820.19271348,8595,0.0005820721769498327
2026-01-12,A292560,TIGER 일본엔선물,위험,FX 및 원자재,real_asset,fx,엔선물지수,820.19271348,8620,0.002908667830133771
2026-01-13,A292560,TIGER 일본엔선물,위험,FX 및 원자재,real_asset,fx,엔선물지수,820.19271348,8595,-0.0029002320185614883
2026-01-14,A292560,TIGER 일본엔선물,위험,FX 및 원자재,real_asset,fx,엔선물지수,820.19271348,8595,0.0
2026-01-15,A292560,TIGER 일본엔선물,위험,FX 및 원자재,real_asset,fx,엔선물지수,820.19271348,8595,0.0
2026-01-16,A292560,TIGER 일본엔선물,위험,FX 및 원자재,real_asset,fx,엔선물지수,820.19271348,8620,0.002908667830133771
2026-01-19,A292560,TIGER 일본엔선물,위험,FX 및 원자재,real_asset,fx,엔선물지수,820.19271348,8640,0.002320185614849146
2026-01-20,A292560,TIGER 일본엔선물,위험,FX 및 원자재,real_asset,fx,엔선물지수,820.19271348,8650,0.0011574074074074403
2026-01-21,A292560,TIGER 일본엔선물,위험,FX 및 원자재,real_asset,fx,엔선물지수,820.19271348,8615,-0.004046242774566444
2026-01-22,A292560,TIGER 일본엔선물,위험,FX 및 원자재,real_asset,fx,엔선물지수,820.19271348,8585,-0.0034822983168891763
2026-01-23,A292560,TIGER 일본엔선물,위험,FX 및 원자재,real_asset,fx,엔선물지수,820.19271348,8570,-0.0017472335468841083
2026-01-26,A292560,TIGER 일본엔선물,위험,FX 및 원자재,real_asset,fx,엔선물지수,820.19271348,8640,0.008168028004667427
2026-01-27,A292560,TIGER 일본엔선물,위험,FX 및 원자재,real_asset,fx,엔선물지수,820.19271348,8685,0.005208333333333259
2026-01-28,A292560,TIGER 일본엔선물,위험,FX 및 원자재,real_asset,fx,엔선물지수,820.19271348,8650,-0.004029936672423684
2026-01-29,A292560,TIGER 일본엔선물,위험,FX 및 원자재,real_asset,fx,엔선물지수,820.19271348,8635,-0.001734104046242746
2026-01-30,A292560,TIGER 일본엔선물,위험,FX 및 원자재,real_asset,fx,엔선물지수,820.19271348,8660,0.002895193977996424
2026-02-02,A292560,TIGER 일본엔선물,위험,FX 및 원자재,real_asset,fx,엔선물지수,820.19271348,8730,0.008083140877598094
2026-02-03,A292560,TIGER 일본엔선물,위험,FX 및 원자재,real_asset,fx,엔선물지수,820.19271348,8635,-0.010882016036655173
2026-02-04,A292560,TIGER 일본엔선물,위험,FX 및 원자재,real_asset,fx,엔선물지수,820.19271348,8615,-0.0023161551823972504
2026-02-05,A292560,TIGER 일본엔선물,위험,FX 및 원자재,real_asset,fx,엔선물지수,820.19271348,8650,0.004062681369704002
2026-02-06,A292560,TIGER 일본엔선물,위험,FX 및 원자재,real_asset,fx,엔선물지수,820.19271348,8665,0.001734104046242857
2026-02-09,A292560,TIGER 일본엔선물,위험,FX 및 원자재,real_asset,fx,엔선물지수,820.19271348,8655,-0.0011540680900172795
2026-02-10,A292560,TIGER 일본엔선물,위험,FX 및 원자재,real_asset,fx,엔선물지수,820.19271348,8675,0.0023108030040439598
2026-02-11,A292560,TIGER 일본엔선물,위험,FX 및 원자재,real_asset,fx,엔선물지수,820.19271348,8755,0.009221902017291006
2026-02-12,A292560,TIGER 일본엔선물,위험,FX 및 원자재,real_asset,fx,엔선물지수,820.19271348,8710,-0.0051399200456881955
2026-02-13,A292560,TIGER 일본엔선물,위험,FX 및 원자재,real_asset,fx,엔선물지수,820.19271348,8715,0.0005740528128588274
2026-02-19,A292560,TIGER 일본엔선물,위험,FX 및 원자재,real_asset,fx,엔선물지수,820.19271348,8660,-0.006310958118187049
2026-02-20,A292560,TIGER 일본엔선물,위험,FX 및 원자재,real_asset,fx,엔선물지수,820.19271348,8645,-0.0017321016166281789
2026-02-23,A292560,TIGER 일본엔선물,위험,FX 및 원자재,real_asset,fx,엔선물지수,820.19271348,8645,0.0
2026-02-24,A292560,TIGER 일본엔선물,위험,FX 및 원자재,real_asset,fx,엔선물지수,820.19271348,8630,-0.001735106998264846
2026-02-25,A292560,TIGER 일본엔선물,위험,FX 및 원자재,real_asset,fx,엔선물지수,820.19271348,8505,-0.014484356894553851
2026-02-26,A292560,TIGER 일본엔선물,위험,FX 및 원자재,real_asset,fx,엔선물지수,820.19271348,8450,-0.0064667842445620405
2026-02-27,A292560,TIGER 일본엔선물,위험,FX 및 원자재,real_asset,fx,엔선물지수,820.19271348,8520,0.008284023668639007
2026-03-03,A292560,TIGER 일본엔선물,위험,FX 및 원자재,real_asset,fx,엔선물지수,820.19271348,8580,0.007042253521126751
2026-03-04,A292560,TIGER 일본엔선물,위험,FX 및 원자재,real_asset,fx,엔선물지수,820.19271348,8630,0.005827505827505908
2026-03-05,A292560,TIGER 일본엔선물,위험,FX 및 원자재,real_asset,fx,엔선물지수,820.19271348,8640,0.0011587485515642815
2026-03-06,A292560,TIGER 일본엔선물,위험,FX 및 원자재,real_asset,fx,엔선물지수,820.19271348,8645,0.0005787037037037202
2026-03-09,A292560,TIGER 일본엔선물,위험,FX 및 원자재,real_asset,fx,엔선물지수,820.19271348,8700,0.0063620589936379535
2026-03-10,A292560,TIGER 일본엔선물,위험,FX 및 원자재,real_asset,fx,엔선물지수,820.19271348,8655,-0.005172413793103403
2026-03-11,A292560,TIGER 일본엔선물,위험,FX 및 원자재,real_asset,fx,엔선물지수,820.19271348,8610,-0.005199306759098743
2026-03-12,A292560,TIGER 일본엔선물,위험,FX 및 원자재,real_asset,fx,엔선물지수,820.19271348,8610,0.0
2026-03-13,A292560,TIGER 일본엔선물,위험,FX 및 원자재,real_asset,fx,엔선물지수,820.19271348,8650,0.004645760743321681
2026-03-16,A292560,TIGER 일본엔선물,위험,FX 및 원자재,real_asset,fx,엔선물지수,820.19271348,8685,0.004046242774566444
2026-03-17,A292560,TIGER 일본엔선물,위험,FX 및 원자재,real_asset,fx,엔선물지수,820.19271348,8650,-0.004029936672423684
2026-03-18,A292560,TIGER 일본엔선물,위험,FX 및 원자재,real_asset,fx,엔선물지수,820.19271348,8655,0.0005780346820809523
2026-03-19,A292560,TIGER 일본엔선물,위험,FX 및 원자재,real_asset,fx,엔선물지수,820.19271348,8670,0.0017331022530329143
2026-03-20,A292560,TIGER 일본엔선물,위험,FX 및 원자재,real_asset,fx,엔선물지수,820.19271348,8740,0.008073817762399127
2026-03-23,A292560,TIGER 일본엔선물,위험,FX 및 원자재,real_asset,fx,엔선물지수,820.19271348,8775,0.004004576659038861
2026-03-24,A292560,TIGER 일본엔선물,위험,FX 및 원자재,real_asset,fx,엔선물지수,820.19271348,8735,-0.004558404558404505
2026-03-25,A292560,TIGER 일본엔선물,위험,FX 및 원자재,real_asset,fx,엔선물지수,820.19271348,8730,-0.0005724098454493731
2026-03-26,A292560,TIGER 일본엔선물,위험,FX 및 원자재,real_asset,fx,엔선물지수,820.19271348,8740,0.001145475372279492
2026-03-27,A292560,TIGER 일본엔선물,위험,FX 및 원자재,real_asset,fx,엔선물지수,820.19271348,8735,-0.0005720823798627261
2026-03-30,A292560,TIGER 일본엔선물,위험,FX 및 원자재,real_asset,fx,엔선물지수,820.19271348,8760,0.0028620492272466436
2026-03-31,A292560,TIGER 일본엔선물,위험,FX 및 원자재,real_asset,fx,엔선물지수,820.19271348,8865,0.011986301369863117
2026-04-01,A292560,TIGER 일본엔선물,위험,FX 및 원자재,real_asset,fx,엔선물지수,820.19271348,8775,-0.010152284263959421
2026-04-02,A292560,TIGER 일본엔선물,위험,FX 및 원자재,real_asset,fx,엔선물지수,820.19271348,8825,0.005698005698005604
2026-04-03,A292560,TIGER 일본엔선물,위험,FX 및 원자재,real_asset,fx,엔선물지수,820.19271348,8755,-0.007932011331444722
2026-04-06,A292560,TIGER 일본엔선물,위험,FX 및 원자재,real_asset,fx,엔선물지수,820.19271348,8740,-0.0017133066818960652
2026-04-07,A292560,TIGER 일본엔선물,위험,FX 및 원자재,real_asset,fx,엔선물지수,820.19271348,8725,-0.0017162471395880674
2026-04-08,A292560,TIGER 일본엔선물,위험,FX 및 원자재,real_asset,fx,엔선물지수,820.19271348,8635,-0.010315186246418362
2026-04-09,A292560,TIGER 일본엔선물,위험,FX 및 원자재,real_asset,fx,엔선물지수,820.19271348,8630,-0.0005790387955992848
2026-04-10,A292560,TIGER 일본엔선물,위험,FX 및 원자재,real_asset,fx,엔선물지수,820.19271348,8620,-0.0011587485515642815
2026-04-13,A292560,TIGER 일본엔선물,위험,FX 및 원자재,real_asset,fx,엔선물지수,820.19271348,8625,0.000580046403712231
2026-04-14,A292560,TIGER 일본엔선물,위험,FX 및 원자재,real_asset,fx,엔선물지수,820.19271348,8610,-0.0017391304347825765
2026-04-15,A292560,TIGER 일본엔선물,위험,FX 및 원자재,real_asset,fx,엔선물지수,820.19271348,8595,-0.0017421602787456303
2026-04-16,A292560,TIGER 일본엔선물,위험,FX 및 원자재,real_asset,fx,엔선물지수,820.19271348,8600,0.0005817335660267542
2026-04-17,A292560,TIGER 일본엔선물,위험,FX 및 원자재,real_asset,fx,엔선물지수,820.19271348,8600,0.0
2026-04-20,A292560,TIGER 일본엔선물,위험,FX 및 원자재,real_asset,fx,엔선물지수,820.19271348,8575,-0.0029069767441860517
2026-04-21,A292560,TIGER 일본엔선물,위험,FX 및 원자재,real_asset,fx,엔선물지수,820.19271348,8550,-0.002915451895043719
2026-04-22,A292560,TIGER 일본엔선물,위험,FX 및 원자재,real_asset,fx,엔선물지수,820.19271348,8555,0.0005847953216373547
2026-04-23,A292560,TIGER 일본엔선물,위험,FX 및 원자재,real_asset,fx,엔선물지수,820.19271348,8580,0.0029222676797193703
2026-04-24,A292560,TIGER 일본엔선물,위험,FX 및 원자재,real_asset,fx,엔선물지수,820.19271348,8585,0.0005827505827504798
2026-04-27,A292560,TIGER 일본엔선물,위험,FX 및 원자재,real_asset,fx,엔선물지수,820.19271348,8555,-0.0034944670937682165
2026-04-28,A292560,TIGER 일본엔선물,위험,FX 및 원자재,real_asset,fx,엔선물지수,820.19271348,8550,-0.0005844535359439407
2026-04-29,A292560,TIGER 일본엔선물,위험,FX 및 원자재,real_asset,fx,엔선물지수,820.19271348,8560,0.0011695906432749315
2026-04-30,A292560,TIGER 일본엔선물,위험,FX 및 원자재,real_asset,fx,엔선물지수,820.19271348,8550,-0.001168224299065379
2026-05-04,A292560,TIGER 일본엔선물,위험,FX 및 원자재,real_asset,fx,엔선물지수,820.19271348,8635,0.009941520467836362
2026-05-06,A292560,TIGER 일본엔선물,위험,FX 및 원자재,real_asset,fx,엔선물지수,820.19271348,8610,-0.0028951939779965352
2026-05-07,A292560,TIGER 일본엔선물,위험,FX 및 원자재,real_asset,fx,엔선물지수,820.19271348,8595,-0.0017421602787456303
2026-05-08,A292560,TIGER 일본엔선물,위험,FX 및 원자재,real_asset,fx,엔선물지수,820.19271348,8645,0.005817335660267542
2026-05-11,A292560,TIGER 일본엔선물,위험,FX 및 원자재,real_asset,fx,엔선물지수,820.19271348,8655,0.0011567379988433046
2026-05-12,A292560,TIGER 일본엔선물,위험,FX 및 원자재,real_asset,fx,엔선물지수,820.19271348,8715,0.006932409012131657
2026-05-13,A292560,TIGER 일본엔선물,위험,FX 및 원자재,real_asset,fx,엔선물지수,820.19271348,8720,0.0005737234652898326
2026-05-14,A292560,TIGER 일본엔선물,위험,FX 및 원자재,real_asset,fx,엔선물지수,820.19271348,8735,0.0017201834862385912
2026-05-15,A292560,TIGER 일본엔선물,위험,FX 및 원자재,real_asset,fx,엔선물지수,820.19271348,8750,0.0017172295363481194
2026-05-18,A292560,TIGER 일본엔선물,위험,FX 및 원자재,real_asset,fx,엔선물지수,820.19271348,8750,0.0
2026-05-19,A292560,TIGER 일본엔선물,위험,FX 및 원자재,real_asset,fx,엔선물지수,820.19271348,8745,-0.0005714285714285561
2026-05-20,A292560,TIGER 일본엔선물,위험,FX 및 원자재,real_asset,fx,엔선물지수,820.19271348,8770,0.002858776443682043
2026-05-21,A292560,TIGER 일본엔선물,위험,FX 및 원자재,real_asset,fx,엔선물지수,820.19271348,8755,-0.0017103762827822555
2026-05-22,A292560,TIGER 일본엔선물,위험,FX 및 원자재,real_asset,fx,엔선물지수,820.19271348,8780,0.002855511136493405
2026-01-02,A411060,ACE KRX금현물,위험,FX 및 원자재,real_asset,gold,KRX 금현물지수,12063.79905967,29290,0.00982589208757112
2026-01-05,A411060,ACE KRX금현물,위험,FX 및 원자재,real_asset,gold,KRX 금현물지수,12063.79905967,29625,0.011437350631614995
2026-01-06,A411060,ACE KRX금현물,위험,FX 및 원자재,real_asset,gold,KRX 금현물지수,12063.79905967,29605,-0.0006751054852320859
2026-01-07,A411060,ACE KRX금현물,위험,FX 및 원자재,real_asset,gold,KRX 금현물지수,12063.79905967,29315,-0.00979564262793442
2026-01-08,A411060,ACE KRX금현물,위험,FX 및 원자재,real_asset,gold,KRX 금현물지수,12063.79905967,29040,-0.009380863039399667
2026-01-09,A411060,ACE KRX금현물,위험,FX 및 원자재,real_asset,gold,KRX 금현물지수,12063.79905967,29425,0.01325757575757569
2026-01-12,A411060,ACE KRX금현물,위험,FX 및 원자재,real_asset,gold,KRX 금현물지수,12063.79905967,30340,0.031096006796941467
2026-01-13,A411060,ACE KRX금현물,위험,FX 및 원자재,real_asset,gold,KRX 금현물지수,12063.79905967,30510,0.005603164139749595
2026-01-14,A411060,ACE KRX금현물,위험,FX 및 원자재,real_asset,gold,KRX 금현물지수,12063.79905967,30955,0.014585381842018963
2026-01-15,A411060,ACE KRX금현물,위험,FX 및 원자재,real_asset,gold,KRX 금현물지수,12063.79905967,30645,-0.01001453723146506
2026-01-16,A411060,ACE KRX금현물,위험,FX 및 원자재,real_asset,gold,KRX 금현물지수,12063.79905967,30695,0.0016315875346712971
2026-01-19,A411060,ACE KRX금현물,위험,FX 및 원자재,real_asset,gold,KRX 금현물지수,12063.79905967,31040,0.011239615572568917
2026-01-20,A411060,ACE KRX금현물,위험,FX 및 원자재,real_asset,gold,KRX 금현물지수,12063.79905967,31555,0.016591494845360932
2026-01-21,A411060,ACE KRX금현물,위험,FX 및 원자재,real_asset,gold,KRX 금현물지수,12063.79905967,32380,0.02614482649342409
2026-01-22,A411060,ACE KRX금현물,위험,FX 및 원자재,real_asset,gold,KRX 금현물지수,12063.79905967,32175,-0.006331068560839981
2026-01-23,A411060,ACE KRX금현물,위험,FX 및 원자재,real_asset,gold,KRX 금현물지수,12063.79905967,32875,0.02175602175602176
2026-01-26,A411060,ACE KRX금현물,위험,FX 및 원자재,real_asset,gold,KRX 금현물지수,12063.79905967,33380,0.015361216730038096
2026-01-27,A411060,ACE KRX금현물,위험,FX 및 원자재,real_asset,gold,KRX 금현물지수,12063.79905967,34205,0.024715398442180847
2026-01-28,A411060,ACE KRX금현물,위험,FX 및 원자재,real_asset,gold,KRX 금현물지수,12063.79905967,35315,0.032451395994737675
2026-01-29,A411060,ACE KRX금현물,위험,FX 및 원자재,real_asset,gold,KRX 금현물지수,12063.79905967,37890,0.0729151918448252
2026-01-30,A411060,ACE KRX금현물,위험,FX 및 원자재,real_asset,gold,KRX 금현물지수,12063.79905967,35440,-0.06466086038532592
2026-02-02,A411060,ACE KRX금현물,위험,FX 및 원자재,real_asset,gold,KRX 금현물지수,12063.79905967,30900,-0.12810383747178333
2026-02-03,A411060,ACE KRX금현물,위험,FX 및 원자재,real_asset,gold,KRX 금현물지수,12063.79905967,33210,0.07475728155339811
2026-02-04,A411060,ACE KRX금현물,위험,FX 및 원자재,real_asset,gold,KRX 금현물지수,12063.79905967,34155,0.028455284552845628
2026-02-05,A411060,ACE KRX금현물,위험,FX 및 원자재,real_asset,gold,KRX 금현물지수,12063.79905967,33020,-0.033230859317815886
2026-02-06,A411060,ACE KRX금현물,위험,FX 및 원자재,real_asset,gold,KRX 금현물지수,12063.79905967,32530,-0.01483949121744399
2026-02-09,A411060,ACE KRX금현물,위험,FX 및 원자재,real_asset,gold,KRX 금현물지수,12063.79905967,33360,0.025514909314478862
2026-02-10,A411060,ACE KRX금현물,위험,FX 및 원자재,real_asset,gold,KRX 금현물지수,12063.79905967,33260,-0.002997601918465209
2026-02-11,A411060,ACE KRX금현물,위험,FX 및 원자재,real_asset,gold,KRX 금현물지수,12063.79905967,33215,-0.0013529765484064926
2026-02-12,A411060,ACE KRX금현물,위험,FX 및 원자재,real_asset,gold,KRX 금현물지수,12063.79905967,33050,-0.004967635104621393
2026-02-13,A411060,ACE KRX금현물,위험,FX 및 원자재,real_asset,gold,KRX 금현물지수,12063.79905967,32420,-0.019062027231467438
2026-02-19,A411060,ACE KRX금현물,위험,FX 및 원자재,real_asset,gold,KRX 금현물지수,12063.79905967,32635,0.006631708821714932
2026-02-20,A411060,ACE KRX금현물,위험,FX 및 원자재,real_asset,gold,KRX 금현물지수,12063.79905967,32865,0.007047648230427361
2026-02-23,A411060,ACE KRX금현물,위험,FX 및 원자재,real_asset,gold,KRX 금현물지수,12063.79905967,33575,0.02160352959074996
2026-02-24,A411060,ACE KRX금현물,위험,FX 및 원자재,real_asset,gold,KRX 금현물지수,12063.79905967,33780,0.006105733432613558
2026-02-25,A411060,ACE KRX금현물,위험,FX 및 원자재,real_asset,gold,KRX 금현물지수,12063.79905967,33480,-0.008880994671403242
2026-02-26,A411060,ACE KRX금현물,위험,FX 및 원자재,real_asset,gold,KRX 금현물지수,12063.79905967,33290,-0.005675029868578263
2026-02-27,A411060,ACE KRX금현물,위험,FX 및 원자재,real_asset,gold,KRX 금현물지수,12063.79905967,33530,0.00720937218383888
2026-03-03,A411060,ACE KRX금현물,위험,FX 및 원자재,real_asset,gold,KRX 금현물지수,12063.79905967,34970,0.042946614971667074
2026-03-04,A411060,ACE KRX금현물,위험,FX 및 원자재,real_asset,gold,KRX 금현물지수,12063.79905967,33965,-0.028738919073491576
2026-03-05,A411060,ACE KRX금현물,위험,FX 및 원자재,real_asset,gold,KRX 금현물지수,12063.79905967,33930,-0.0010304725452672248
2026-03-06,A411060,ACE KRX금현물,위험,FX 및 원자재,real_asset,gold,KRX 금현물지수,12063.79905967,33830,-0.0029472443265546877
2026-03-09,A411060,ACE KRX금현물,위험,FX 및 원자재,real_asset,gold,KRX 금현물지수,12063.79905967,33865,0.0010345846881465448
2026-03-10,A411060,ACE KRX금현물,위험,FX 및 원자재,real_asset,gold,KRX 금현물지수,12063.79905967,33930,0.0019193857965451588
2026-03-11,A411060,ACE KRX금현물,위험,FX 및 원자재,real_asset,gold,KRX 금현물지수,12063.79905967,34020,0.0026525198938991412
2026-03-12,A411060,ACE KRX금현물,위험,FX 및 원자재,real_asset,gold,KRX 금현물지수,12063.79905967,33945,-0.0022045855379189128
2026-03-13,A411060,ACE KRX금현물,위험,FX 및 원자재,real_asset,gold,KRX 금현물지수,12063.79905967,33950,0.00014729709824723436
2026-03-16,A411060,ACE KRX금현물,위험,FX 및 원자재,real_asset,gold,KRX 금현물지수,12063.79905967,33500,-0.013254786450662692
2026-03-17,A411060,ACE KRX금현물,위험,FX 및 원자재,real_asset,gold,KRX 금현물지수,12063.79905967,33295,-0.006119402985074629
2026-03-18,A411060,ACE KRX금현물,위험,FX 및 원자재,real_asset,gold,KRX 금현물지수,12063.79905967,32890,-0.012163988586874952
2026-03-19,A411060,ACE KRX금현물,위험,FX 및 원자재,real_asset,gold,KRX 금현물지수,12063.79905967,32210,-0.020674977196716293
2026-03-20,A411060,ACE KRX금현물,위험,FX 및 원자재,real_asset,gold,KRX 금현물지수,12063.79905967,31670,-0.016764979819931747
2026-03-23,A411060,ACE KRX금현물,위험,FX 및 원자재,real_asset,gold,KRX 금현물지수,12063.79905967,29265,-0.07593937480265234
2026-03-24,A411060,ACE KRX금현물,위험,FX 및 원자재,real_asset,gold,KRX 금현물지수,12063.79905967,29520,0.008713480266530071
2026-03-25,A411060,ACE KRX금현물,위험,FX 및 원자재,real_asset,gold,KRX 금현물지수,12063.79905967,30815,0.04386856368563685
2026-03-26,A411060,ACE KRX금현물,위험,FX 및 원자재,real_asset,gold,KRX 금현물지수,12063.79905967,30100,-0.023202985558981037
2026-03-27,A411060,ACE KRX금현물,위험,FX 및 원자재,real_asset,gold,KRX 금현물지수,12063.79905967,30325,0.007475083056478482
2026-03-30,A411060,ACE KRX금현물,위험,FX 및 원자재,real_asset,gold,KRX 금현물지수,12063.79905967,30965,0.021104699093157375
2026-03-31,A411060,ACE KRX금현물,위험,FX 및 원자재,real_asset,gold,KRX 금현물지수,12063.79905967,31540,0.01856935249475211
2026-04-01,A411060,ACE KRX금현물,위험,FX 및 원자재,real_asset,gold,KRX 금현물지수,12063.79905967,31835,0.009353202282815554
2026-04-02,A411060,ACE KRX금현물,위험,FX 및 원자재,real_asset,gold,KRX 금현물지수,12063.79905967,31115,-0.02261661693105077
2026-04-03,A411060,ACE KRX금현물,위험,FX 및 원자재,real_asset,gold,KRX 금현물지수,12063.79905967,31715,0.01928330387273025
2026-04-06,A411060,ACE KRX금현물,위험,FX 및 원자재,real_asset,gold,KRX 금현물지수,12063.79905967,31570,-0.00457196909979507
2026-04-07,A411060,ACE KRX금현물,위험,FX 및 원자재,real_asset,gold,KRX 금현물지수,12063.79905967,31340,-0.0072853975293000195
2026-04-08,A411060,ACE KRX금현물,위험,FX 및 원자재,real_asset,gold,KRX 금현물지수,12063.79905967,31955,0.0196234843650287
2026-04-09,A411060,ACE KRX금현물,위험,FX 및 원자재,real_asset,gold,KRX 금현물지수,12063.79905967,31450,-0.015803473634798948
2026-04-10,A411060,ACE KRX금현물,위험,FX 및 원자재,real_asset,gold,KRX 금현물지수,12063.79905967,31705,0.008108108108108025
2026-04-13,A411060,ACE KRX금현물,위험,FX 및 원자재,real_asset,gold,KRX 금현물지수,12063.79905967,31605,-0.00315407664406242
2026-04-14,A411060,ACE KRX금현물,위험,FX 및 원자재,real_asset,gold,KRX 금현물지수,12063.79905967,31665,0.0018984337921215122
2026-04-15,A411060,ACE KRX금현물,위험,FX 및 원자재,real_asset,gold,KRX 금현물지수,12063.79905967,31920,0.008053055423969724
2026-04-16,A411060,ACE KRX금현물,위험,FX 및 원자재,real_asset,gold,KRX 금현물지수,12063.79905967,31935,0.00046992481203012026
2026-04-17,A411060,ACE KRX금현물,위험,FX 및 원자재,real_asset,gold,KRX 금현물지수,12063.79905967,31850,-0.0026616564897448125
2026-04-20,A411060,ACE KRX금현물,위험,FX 및 원자재,real_asset,gold,KRX 금현물지수,12063.79905967,31715,-0.004238618524332827
2026-04-21,A411060,ACE KRX금현물,위험,FX 및 원자재,real_asset,gold,KRX 금현물지수,12063.79905967,31550,-0.005202585527352976
2026-04-22,A411060,ACE KRX금현물,위험,FX 및 원자재,real_asset,gold,KRX 금현물지수,12063.79905967,31540,-0.00031695721077651395
2026-04-23,A411060,ACE KRX금현물,위험,FX 및 원자재,real_asset,gold,KRX 금현물지수,12063.79905967,31255,-0.009036144578313254
2026-04-24,A411060,ACE KRX금현물,위험,FX 및 원자재,real_asset,gold,KRX 금현물지수,12063.79905967,31070,-0.005919052951527726
2026-04-27,A411060,ACE KRX금현물,위험,FX 및 원자재,real_asset,gold,KRX 금현물지수,12063.79905967,30900,-0.005471515931766979
2026-04-28,A411060,ACE KRX금현물,위험,FX 및 원자재,real_asset,gold,KRX 금현물지수,12063.79905967,30490,-0.013268608414239491
2026-04-29,A411060,ACE KRX금현물,위험,FX 및 원자재,real_asset,gold,KRX 금현물지수,12063.79905967,30205,-0.00934732699245655
2026-04-30,A411060,ACE KRX금현물,위험,FX 및 원자재,real_asset,gold,KRX 금현물지수,12063.79905967,30340,0.004469458698890927
2026-05-04,A411060,ACE KRX금현물,위험,FX 및 원자재,real_asset,gold,KRX 금현물지수,12063.79905967,30255,-0.0028015820698747973
2026-05-06,A411060,ACE KRX금현물,위험,FX 및 원자재,real_asset,gold,KRX 금현물지수,12063.79905967,30110,-0.004792596265080107
2026-05-07,A411060,ACE KRX금현물,위험,FX 및 원자재,real_asset,gold,KRX 금현물지수,12063.79905967,30845,0.024410494852208586
2026-05-08,A411060,ACE KRX금현물,위험,FX 및 원자재,real_asset,gold,KRX 금현물지수,12063.79905967,31150,0.009888150429567144
2026-05-11,A411060,ACE KRX금현물,위험,FX 및 원자재,real_asset,gold,KRX 금현물지수,12063.79905967,30615,-0.017174959871589124
2026-05-12,A411060,ACE KRX금현물,위험,FX 및 원자재,real_asset,gold,KRX 금현물지수,12063.79905967,31035,0.013718765311121928
2026-05-13,A411060,ACE KRX금현물,위험,FX 및 원자재,real_asset,gold,KRX 금현물지수,12063.79905967,31220,0.005961011760915014
2026-05-14,A411060,ACE KRX금현물,위험,FX 및 원자재,real_asset,gold,KRX 금현물지수,12063.79905967,31040,-0.005765534913516945
2026-05-15,A411060,ACE KRX금현물,위험,FX 및 원자재,real_asset,gold,KRX 금현물지수,12063.79905967,30495,-0.017557989690721643
2026-05-18,A411060,ACE KRX금현물,위험,FX 및 원자재,real_asset,gold,KRX 금현물지수,12063.79905967,30295,-0.006558452205279508
2026-05-19,A411060,ACE KRX금현물,위험,FX 및 원자재,real_asset,gold,KRX 금현물지수,12063.79905967,30300,0.00016504373659009808
2026-05-20,A411060,ACE KRX금현물,위험,FX 및 원자재,real_asset,gold,KRX 금현물지수,12063.79905967,29885,-0.013696369636963746
2026-05-21,A411060,ACE KRX금현물,위험,FX 및 원자재,real_asset,gold,KRX 금현물지수,12063.79905967,30170,0.009536556801070795
2026-05-22,A411060,ACE KRX금현물,위험,FX 및 원자재,real_asset,gold,KRX 금현물지수,12063.79905967,30325,0.00513755386145176
