keyword,title,date,section
금값,‘트럼프 그린란드 관세’에 비트코인 휘청… 9만2천달러 선 위협,2026-01-20 09:50:38,real_assets
금값,“돈 생길 때 마다 반짝반짝 콩알금 모아요”…요즘 유행한다는 ‘소액 금테크’,2026-01-20 13:39:57,real_assets
금값,‘금 한돈 100만원 시대’ 초읽기…트럼프 관세 압박에 98만원,2026-01-20 16:12:41,real_assets
금값,그린란드 분쟁에 … 금값 사상 최고가,2026-01-20 17:50:55,real_assets
금값,“금 진작 사둘걸”…대서양 무역전운에 ‘금값 4700달러’ 돌파,2026-01-20 19:04:50,real_assets
금값,"맥유언 마이닝, 타르탄 광산서 고품위 금광석 발견..자원 확장",2026-01-21 06:48:04,real_assets
금값,그린란드에 꽂힌 트럼프? 21세기 안보자산 희토류 쟁탈전 [홍키자의 매일뉴욕],2026-01-21 09:26:44,real_assets
금값,그린란드가 불러온…美·유럽 '자본전쟁',2026-01-21 17:31:50,real_assets
금값,“미국채 전량매도”…그린란드가 불러온 美·유럽 ‘자본전쟁’,2026-01-21 17:43:12,real_assets
금값,"실버코프 메탈스, 키르기스스탄 금광 70% 지분 1.6억달러에 인수",2026-01-21 20:03:03,real_assets
금값,"지금은 맞고 그때는 틀리다, 일본의 부활과 독일의 후회(feat. 원자력) [홍키자의 매일뉴욕]",2026-01-22 11:04:59,real_assets
금값,사상 첫 ‘한 돈 100만원’ 돌파한 금값 얼마까지 올라갈까,2026-01-22 11:18:02,real_assets
금값,“안전자산은 역시 금”…금값 고공행진에 금 ETF 불붙었다,2026-01-22 14:47:03,real_assets
금값,"‘3000억원대 횡령’ 은행원, 금값 치솟자 추징금은 ‘뚝’",2026-01-22 18:47:46,real_assets
금값,한 돈 100만원 찍은 금값…“여윳돈 생길 때마다 계속 금 사모은다”,2026-01-23 09:15:00,real_assets
금값,“그때 살걸” 불붙은 실버랠리...은값 사상 첫 100弗 넘었다,2026-01-24 09:47:28,real_assets
금값,“얼마나 더 오를까”...‘금값 랠리’에 월가 큰손도 비중 높인다,2026-01-25 09:00:00,real_assets
금값,"골드·실버뱅킹으로 소액투자, 금·은 고공행진에 올라타기 … ETF는 장기투자·환금성 '굿'",2026-01-25 17:39:26,real_assets
금값,"안전자산 대우받는 銀, 온스당 100달러 넘었다",2026-01-25 17:46:51,real_assets
금값,"“돌반지 다 팔고, 이제 커플링 팔 차례”…은값 ‘온스당 100달러’ 뚫었다",2026-01-26 05:57:10,real_assets
금값,“무작정 골드바 사두면 되나요?”…세금 따져보면 KRX금시장 유리,2026-01-26 05:57:42,real_assets
금값,[속보] 국제 금값 온스당 5000달러 사상 첫 돌파,2026-01-26 08:17:52,real_assets
금값,“명품 백 든다고 돈이 되니? 차라리 금팔찌를 해”…‘하이주얼리’에 쏠린 눈,2026-01-26 09:27:19,real_assets
금값,금값 온스당 5000달러 첫 돌파…그린란드 긴장에 ‘지붕킥’,2026-01-26 10:23:21,real_assets
금값,"“너, 금반지 꼈구나” 이 말의 무게감 달라져...‘미친 금값’에 K주얼리도 가격 인상",2026-01-26 14:52:15,real_assets
금값,“금값 5400달러·코스피 5700”…골드만삭스가 딱 찍어 내놓은 숫자,2026-01-26 17:13:47,real_assets
금값,"천장 뚫린 금값, 5천달러 첫 돌파",2026-01-26 17:45:25,real_assets
금값,"""금 사모으자""… 골드뱅킹에 2조원 몰려",2026-01-26 17:57:14,real_assets
금값,"B2골드, 실적 발표 앞두고 글로벌 금값 강세에 주목",2026-01-26 18:20:34,real_assets
금값,“계속 오르기만 하는 게 진짜 있네요”…사상 첫 5천달러 돌파한 금값,2026-01-26 21:26:55,real_assets
금값,"빅테크 ‘칩 독립’ 시동에…젠슨황, 코어위브로 ‘맞불’ [홍키자의 매일뉴욕]",2026-01-27 09:24:04,real_assets
금값,"혈세낭비 욕먹었는데…‘함평 황금박쥐상’ 금값만 386억원, 14배 올랐다",2026-01-27 10:55:09,real_assets
금값,“금·주식 제치고 수익률 1등”…‘천스닥·오천피’ 속 은값 질주,2026-01-27 14:13:15,real_assets
금값,금값 천장 뚫었는데…한은 13년째 ‘뒷짐’진 이유는?,2026-01-27 15:07:10,real_assets
금값,‘혈세 낭비’ 오명 벗고 ‘대박’…몸값 14배 뛴 함평 황금박쥐상,2026-01-27 16:09:16,real_assets
금값,'혈세 낭비 비판' 황금박쥐상 … 금값 올라 27억서 386억으로,2026-01-27 17:34:15,real_assets
금값,[필동정담] 금보다 뜨는 은,2026-01-27 17:35:27,real_assets
금값,“장기 근속자여도 이건 좀 부담이죠”...사상 최고 금값에 포상 대체하는 기업들,2026-01-28 08:34:28,real_assets
금값,"“살 사람은 이미 다 샀다”…美개미, 주식 역사상 최대 ‘올인’ [홍키자의 매일뉴욕]",2026-01-28 09:23:35,real_assets
금값,“달러화 지금 훌륭하다” 트럼프 한마디에 무너졌다…달러가치 4년만에 최저,2026-01-28 13:32:46,real_assets
금값,“달러 못 믿겠다”…‘머니무브’ 속 금값 5200달러,2026-01-28 15:03:39,real_assets
금값,"“두근두근, 오늘은 돈 얼마나 불었을까?”…금은동 ETF 순자산 올해 2.2조↑",2026-01-28 15:40:30,real_assets
금값,중간선거 코너 몰린 트럼프 … 美제조업 살리려 '약달러' 강행,2026-01-28 18:02:18,real_assets
금값,대통령이 환율포기 선언…선거 앞두고 제조업 살리기 올인한 트럼프,2026-01-29 03:13:01,real_assets
금값,美연준 기준금리 동결…“경제 좋아” 추가 인하 선그은 파월,2026-01-29 06:09:36,real_assets
금값,[속보] 파월 “금값 상승 모니터링하지만 동요안해…신뢰성 상실 아냐”,2026-01-29 06:12:09,real_assets
금값,"테더, 금값 급등에 7조 ‘잭팟’…한국은행보다 금 보유량 많아",2026-01-29 11:28:09,real_assets
금값,트럼프가 말한 ‘약달러’ 그뜻이 아니라는 재무장관…달러화 2개월새 최대 상승,2026-01-29 11:28:55,real_assets
금값,“이번엔 이란 핑계로 날아가요”…금값 5500달러 가볍게 돌파,2026-01-29 13:35:11,real_assets
금값,“가격 상한선 가늠하기 어렵다”…금·은 이어 가파르게 오르는 이 녀석,2026-01-29 15:40:57,real_assets
금값,“디지털 금이라더니 왜 이래?”…금 폭등하는데 암호화폐 일제히 하락,2026-01-29 16:55:58,real_assets
금값,"파월 ""美경제 견고한 성장""… 추가 금리인하 일축",2026-01-29 17:55:34,real_assets
금값,천장 뚫린 금값 사흘만에 5000달러서 5500달러로,2026-01-29 17:59:30,real_assets
금값,"끝도 없이 오른다, 금값 5500달러 돌파…실물없는 토큰화 금도 껑충",2026-01-29 18:57:24,real_assets
금값,"“미국 경제 좋다”…금리 동결한 연준, 추가인하 가능성에도 선그어",2026-01-29 22:10:31,real_assets
금값,"“지금 사야 하나, 말아야 하나”…5500달러 돌파하고 쉼표 찍은 금값",2026-01-30 07:10:56,real_assets
금값,"“증명 못 하면 죽는다”…빅테크, AI로 돈 법니까? [홍키자의 매일뉴욕]",2026-01-30 08:54:23,real_assets
금값,올해 수익률 나홀로 마이너스...비트코인 8만1000弗 [매일코인],2026-01-30 12:51:50,real_assets
금값,‘차이나머니’ 쓸어담았나…구리·알루미늄까지 폭등,2026-01-30 13:37:13,real_assets
금값,“연내 6000달러 간다고?”…점점 가속화하는 금값,2026-01-30 15:20:39,real_assets
금값,“예금말고 투자할 걸”…‘불장’에 ‘벼락거지’ 불안 확산,2026-01-30 16:54:01,real_assets
금값,"""직원이 금 4kg 들고 사라져""… 금은방 털이 '기승'",2026-01-30 17:48:25,real_assets
금값,“직원이 금 4kg 들고 사라졌습니다”…금은방 털이 ‘기승’,2026-01-30 19:42:49,real_assets
금값,황금송어 잡으면 금 한돈이 ‘공짜’…13만 명 오간 평창 송어축제 가보니 [제철 축제],2026-01-31 14:29:18,real_assets
금값,‘폐기 휴대폰 유심 카드’로 5천만원어치 금 모았다…전문가들은 글쎄?,2026-01-31 14:47:20,real_assets
금값,"“많이 오른 한국증시, 최대 20% 조정 올 수도”…활황에 경고 날린 전문가",2026-02-01 14:30:28,real_assets
금값,“매야 비둘기야?”…새 연준의장 지명에 금·은 급락하고 달러 ‘요동’,2026-02-01 20:45:42,real_assets
금값,"전세계 금 8%, 여기서 다 캔다…광물 대장주 ‘뉴몬트’ [미장원]",2026-02-02 14:17:00,real_assets
금값,버려진 유심칩 녹이고 걸러내 ‘금 50돈 추출’…연금술 영상에 난리,2026-02-02 14:42:02,real_assets
금값,"“더 오를 줄 알았는데”...금값, 12년 만에 최대 폭락 왜?",2026-02-02 16:48:31,real_assets
금값,금값 급락 속 기술주 강세…S&P500 사상 최고치 턱밑 마감 [뉴욕증시],2026-02-03 09:07:28,real_assets
금값,“비트코인보다 널뛰는 금이 안전자산?”…롤러코스터 금값 이유가,2026-02-03 10:00:11,real_assets
금값,“워시 충격에 패닉? 5월에 진짜 큰 거 온다”…연준의장 교체기 항상 급락했다는데,2026-02-03 11:14:03,real_assets
금값,이틀 만에 금값 13% 폭락했지만…월가 “올해 6000달러 간다”,2026-02-03 13:54:55,real_assets
금값,‘안전자산’ 금의 배신…코인보다 더 요동쳤다,2026-02-03 16:55:11,real_assets
금값,금값은 회복했지만 비트코인은 빠졌다…톰리 “지금이 바로 크립토 바닥” [홍장원의 불앤베어],2026-02-04 09:00:24,real_assets
금값,[100세 시대 생애설계] 인생 해피엔딩 세대별 은퇴전략과 재무관리,2026-02-04 10:02:50,real_assets
금값,급락했던 금값 다시 반등…2008년 11월 이후 최대 일일 상승률,2026-02-04 10:26:32,real_assets
금값,2008년 이후 최대 상승률 기록한 금값…하루 만에 5% 급반등,2026-02-04 15:35:30,real_assets
금값,"알라모스 골드, IGD 확장으로 금 생산량 27% 증가 전망",2026-02-05 06:20:07,real_assets
금값,“디지털 금이라더니”‥비트코인 6만4천불 붕괴 ‘검은 금요일’,2026-02-06 07:29:33,real_assets
금값,"“진작 내다 팔 걸 그랬나”…국제 금·은값, 다시 낙폭 확대",2026-02-06 09:07:16,real_assets
금값,"“진작 내다 팔 걸”…은값, 폭락하며 상승분 모두 반납",2026-02-06 15:49:11,real_assets
금값,"‘금 부자’ 중국 인민은행, 지난달까지 15개월 연속 금 매입",2026-02-07 15:05:10,real_assets
금값,금값 상승에 프랑스 예비부부들 “부모님 결혼반지 녹이자”,2026-02-07 20:16:45,real_assets
금값,화이트데이에 딱 한 커플만 테마파크 통째 빌려드려요,2026-02-08 16:09:39,real_assets
금값,[경제 프리즘] 1998년 금모으기 … 2026년 금사재기,2026-02-08 17:12:27,real_assets
금값,“금 직거래합니다” 당근 나갔다가…피싱조직 돈세탁 당하고 계좌동결,2026-02-08 20:48:29,real_assets
금값,“금이 안전자산? 잡코인보다 요동”…밈자산 전락한 진짜 이유는,2026-02-09 11:22:25,real_assets
금값,이 대통령 “등록임대에 ‘영구적 양도세 특혜’ 줄 필요 있냐는 의견도 있어”,2026-02-09 15:44:20,real_assets
금값,"美재무 ""최근 금값 변동성 … 중국의 무분별한 투기 탓""",2026-02-09 17:59:56,real_assets
금값,"중국 아줌마·MZ, 금괴 432톤 사들였다…美재무 “금값 뒤흔든 세력”",2026-02-09 19:41:44,real_assets
금값,‘워시 쇼크’에 ‘털썩’…비트코인 지금이 바닥?,2026-02-09 21:00:00,real_assets
금값,부자아빠 “단 하나의 자산만 고르라면 비트코인”…이유 들어 보니,2026-02-09 22:34:06,real_assets
금값,“9만원이 23만원 됐다”…매년 세뱃돈 받아 금 산 10살 소녀 ‘대박’,2026-02-13 15:17:53,real_assets
금값,"갈리아노 골드, 2025년 매출 94% 급증...헤지 손실로 적자전환",2026-02-14 04:14:06,real_assets
금값,"“비트코인, AI 시대 안전자산 역할” 돈나무 언니 전망에…닥터둠 “암호화폐, 시장 붕괴 앞당겨”",2026-02-17 15:23:10,real_assets
금값,“유흥비로 쓰려고”…금은방서 1000만원어치 들고 도주 ‘간 큰’ 10대들,2026-02-17 17:31:10,real_assets
금값,변동성 커진 금값...그래도 고고?,2026-02-18 09:00:00,real_assets
금값,5천달러 못지킨 금값…은도 10% 넘게 급락,2026-02-18 17:10:27,real_assets
금값,“더 이상 안전자산 아닙니다”...금값·은값 또 널뛰기 한 이유는,2026-02-18 19:52:41,real_assets
금값,"킨로스 골드, 2025년 연간 매출 71% 급증...금값 상승 덕분",2026-02-19 07:18:37,real_assets
금값,"킨로스 골드, 4분기 EPS 235% 급증..금값 상승 수혜",2026-02-19 07:20:47,real_assets
금값,금값 72% 오를 때 180% 올랐다…“내가 금값 랠리 진짜 승자”,2026-02-19 10:59:13,real_assets
금값,"“비트코인 반토막, 단순 조정 아니다… AI발 ‘신용 쇼크’ 전조현상”",2026-02-19 13:24:02,real_assets
금값,"주춤하는 금값, 이제 끝물? ""수요 아직 살아있다"" 무게",2026-02-19 16:03:24,real_assets
금값,연휴 직후 금값 반등…19일 한 돈 102만1000원,2026-02-19 16:39:13,real_assets
금값,국제유가 4%대 오르고 금값 급등 … 美금리 불확실성에 이란 戰雲 덮쳐,2026-02-19 17:42:41,real_assets
금값,이란 ‘전운’에 美금리 불확실성까지…국제유가·금값도 급등,2026-02-19 22:32:49,real_assets
금값,"내 자산을 지키는 최후의 보루…금·은을 포트폴리오에 담아볼까 [K주식, 이걸 사? 말아?]",2026-02-20 17:30:00,real_assets
금값,"금값이 미쳤다더니…‘고객 금 3천돈’ 챙겨 달아난 금은방 주인, 경찰 자진출석",2026-02-21 15:16:14,real_assets
금값,“고양이한테 생선 맡겼네”…고객이 세공 맡긴 금 3000돈 챙겨 달아난 금은방 주인,2026-02-23 18:39:07,real_assets
금값,"“금값 뛰자, 도둑도 날뛴다”…귀금속점 특화 AI 보안 솔루션 특수",2026-02-24 09:13:31,real_assets
금값,트럼프 관세 혼란에 금값 반등···안전자산 선호 여전,2026-02-24 15:22:32,real_assets
금값,금값 급등에 귀금속점 보안 수요도 늘어,2026-02-24 16:39:20,real_assets
금값,125억 책상에 쌓아두고 “센 만큼 가져가라”…성과급 대박난 ‘이 회사’,2026-02-26 08:23:14,real_assets
금값,인류사의 ‘잇템’ 은(銀)…세계 최대 은 생산 기업이 국내에? [어쩌다 금속 이야기],2026-02-27 16:50:32,real_assets
금값,“고작 6300원에 순금 살 수 있다고?” 젊은이들 몰렸다…중국인들 금 엄청 좋아하네,2026-02-27 18:22:22,real_assets
금값,미국-이란 지정학적 갈등 고조…금값 한 달만 5200불선 회복,2026-03-01 10:12:46,real_assets
금값,하메네이 사망에 비트코인 반등 … 금값도 요동,2026-03-01 17:55:06,real_assets
금값,하메네이 사망에 비트코인 반등·금값 요동…원화값 급락 전망도,2026-03-01 21:37:31,real_assets
금값,"“킬로당 6천만원, 부르는게 값”…귀하신 몸 ‘메모리’ 뜬 인천공항 가보니",2026-03-02 08:42:17,real_assets
금값,“잠이 안 와요”...美 이란 공습에 비트코인·금값 출렁,2026-03-02 10:16:12,real_assets
금값,유가 치솟고 亞증시 불안…'살얼음' 코스피,2026-03-02 17:47:59,real_assets
금값,"뉴욕증시, 이란 사태에도 충격 제한적…유가·천연가스는 급등",2026-03-03 07:19:05,real_assets
금값,“금이 최고 안전자산”...이란 공습에 금값 뛰고 美국채 하락,2026-03-03 10:32:13,real_assets
금값,"“역시 금만한게 없어”…이란 사태에 금값 들썩, KRX 금현물 5%대 급등",2026-03-03 11:24:09,real_assets
금값,중동 확전 공포에 일제히 하락…트럼프 개입 시사에 낙폭 축소 [뉴욕증시],2026-03-04 08:54:30,real_assets
금값,이란 공습에 무너진 비트코인…‘디지털 금’ 신화 끝나,2026-03-04 11:27:20,real_assets
금값,금값 4% 폭락…안전자산 공식 무너졌다,2026-03-04 14:49:09,real_assets
금값,"“전쟁 통에는 금이 금값 된다더니, 왜이래?”…반짝하던 금 다시 급락",2026-03-04 15:34:48,real_assets
금값,韓 증시·금값 하락에도 비트코인 1억원선 수성,2026-03-04 17:46:21,real_assets
금값,韓증시 사상최대 폭락… 9·11때보다 충격 컸다,2026-03-04 17:52:18,real_assets
금값,强달러에 원화값 급락 … 17년 만에 '1500원대' 위기,2026-03-04 17:53:15,real_assets
금값,죄다 흐르는데 홀로 버티는 비트코인…이와중에 믿는 구석 있다는데,2026-03-04 19:42:28,real_assets
금값,한국증시 사상최대 폭락…9·11때보다 더 큰 충격 빠졌다,2026-03-04 20:00:37,real_assets
금값,폭격 맞은 원화값…17년 만에 ‘1500원대’ 위기,2026-03-04 20:01:18,real_assets
금값,"CPS 테크놀러지스, 2025 회계연도 매출 3260만 달러·흑자전환",2026-03-05 06:24:25,real_assets
금값,바닥 찍고 탄력받은 ‘이것’…이란 공습 지속에도 7만달러선 회복,2026-03-05 09:26:18,real_assets
금값,"“재산 측정불가” 오승환, 금만 1000돈…요즘 시세로 9억 ‘깜짝’",2026-03-05 09:46:02,real_assets
금값,"“빙그레, 내년부터 실적 본격 반등 예상…목표가 내려도 사라”",2026-03-09 08:20:28,real_assets
금값,부동산부터 원자재까지 … 토큰화 시장 1년새 4배,2026-03-09 17:48:18,real_assets
금값,"시그넷 쥬얼러스, 2026 회계연도 4분기 매출 23억5000만 달러·영업이익 3억1800만 달러",2026-03-09 19:06:18,real_assets
금값,“돌잔치 때 금반지 준다”…이수지 말에 타일러 반응,2026-03-10 08:30:36,real_assets
금값,“우리 딸 예쁘게 받아주길”...‘조카 입양’ 홍석천 상견례에 ‘눈물바다’,2026-03-10 17:41:03,real_assets
금값,"""달러가 더 매력적""… 지정학 리스크에도 금값 주춤",2026-03-10 17:49:38,real_assets
금값,1400만원까지 뛸 수 있다고?…인류의 ‘보물’ 금의 역사 [어쩌다 금속 이야기],2026-03-11 17:47:25,real_assets
금값,마케팅비 부담에 발목 잡힌 농심 4분기 실적…유럽법인이 새 돌파구 될까,2026-03-12 10:16:21,real_assets
금값,오래된 집 바닥 뜯었더니 금화 400개 우수수…현재 가치는 무려?,2026-03-13 17:37:03,real_assets
금값,전쟁 나면 올랐던 금값...美·이란 전쟁서 추락한 이유는,2026-03-14 06:26:00,real_assets
금값,여행 블로거인 줄만 알았더니 ‘찐금수저’였네…25살에 1.7조 거부된 사연,2026-03-14 09:57:08,real_assets
금값,원자재 불장 찾아왔지만…품목별 시세 등락 심해 '사이클' 잘 올라타야,2026-03-15 17:39:48,real_assets
금값,"“투자공식 안먹히는 이란전쟁, 수익률 승자는?”…금·나스닥 하락 속 비트코인↑",2026-03-16 08:54:53,real_assets
금값,비트코인 7만4000달러 돌파…금보다 잘 나가는 이유 뭐길래,2026-03-16 15:37:12,real_assets
금값,"“금값 채소 걱정 덜어라”… 킴스클럽, 산지 다변화로 제철 물량 ‘5배’ 확보 사활",2026-03-17 11:43:51,real_assets
금값,"천정부지 치솟던 금값, 이란 전쟁 이전 수준으로",2026-03-17 16:30:11,real_assets
금값,"전쟁나면 하수는 금, 고수는 코인 산다는데…‘60일 단타법칙’ 있었다",2026-03-18 10:13:26,real_assets
금값,“안전자산이라 생각했는데”…치솟던 ‘금값’ 최근 연일 급락세,2026-03-20 11:20:27,real_assets
금값,안전자산 아니었나…전쟁통에 금값 빛 바랜 이유는,2026-03-20 17:00:16,real_assets
금값,"“도저히 잠이 안와요”…전쟁 중 금값 하락, 왜?",2026-03-23 17:06:33,real_assets
금값,트리플 블랙 먼데이 원화·코스피·金 동반급락,2026-03-23 17:17:23,real_assets
금값,"“전쟁 나면 올랐는데”…금값 추락, 반등 신호 언제 나오나",2026-03-24 11:12:32,real_assets
금값,금 울고 달러 웃고…ETF 수익 갈렸다,2026-03-24 17:39:25,real_assets
금값,"“진작 팔걸, 전쟁 끝나면 오르려나?”…깜짝 반등한 금값 전문가 전망은",2026-03-25 16:22:21,real_assets
금값,"주식 사봐도 안되고, 채권도 손해나고, 금값도 빠지는데…나홀로 꿋꿋한 ‘이것’",2026-03-30 13:35:10,real_assets
금값,"금, 은값 변동에...가격 올리고 대체소재 찾는 주얼리 업체들",2026-03-30 15:06:45,real_assets
금값,중동 불안에도 명품·주얼리에 지갑 열어…‘빅3’ 백화점 봄 세일 실적보니,2026-04-01 13:37:02,real_assets
금값,"“그래도 결국 금이야, 의심하지마”…주춤하던 금값 다시 100만원대 탈환",2026-04-02 11:34:11,real_assets
금값,트럼프 ‘한 마디’에 요동치는 금값…증권가선 담으라는데 왜?,2026-04-02 15:40:52,real_assets
금값,"“삼전닉스에 변화 닥친다고?”…터보퀀트·공급망위기·LTA, 반도체 기본기 총정리 [뉴스 쉽게보기]",2026-04-03 06:00:00,real_assets
금값,세계 12위 수준…환율방어 등에 3월 외환보유액 40억달러 ‘뚝’,2026-04-03 06:18:57,real_assets
금값,“환율 방어하느라 곳간 바닥난다 ”...외환보유액 한달만에 40억弗 증발,2026-04-03 09:23:27,real_assets
금값,3고 시대 재테크 전략…낙폭 과대 우량주·단기채로 버틸 때,2026-04-03 11:11:10,real_assets
금값,환율 방어에 외환보유액 40억달러 ‘뚝’…10위권 밖으로 밀려,2026-04-03 16:01:20,real_assets
금값,외환보유액 40억弗 줄었다,2026-04-03 17:43:17,real_assets
금값,“지옥을 보게될것” 트럼프 으름장에…금값은 한발 먼저 지옥행,2026-04-06 09:46:32,real_assets
금값,"""골드바에서 시계·피규어까지"" 중고시장 고액상품 거래 급증",2026-04-07 17:46:11,real_assets
금값,"“1170만원 명품 목걸이, 중고로 산다고?”...MZ들이 위험 무릅 쓴 이유",2026-04-08 07:43:17,real_assets
금값,국제유가 걸프전 후 최대폭 하락 … 金·국채 가격도 일제히 반등,2026-04-08 18:03:02,real_assets
금값,"TRX 골드, 버크리프 프로젝트 처리 용량 3,500톤으로 확대",2026-04-08 19:17:28,real_assets
금값,"""금값 차익실현 다시 달릴것""vs ""강달러·고금리 반등 제한적""",2026-04-09 16:12:42,real_assets
금값,"김영옥, ‘평생 모은 금’ 싹 털렸다…“집 한 채 날아갔다”",2026-04-10 09:06:07,real_assets
금값,"“억장 무너졌다” 김영옥, 금 모아놨더니…집 한 채 날렸다",2026-04-11 06:56:51,real_assets
금값,"“휴전했다니 다시 금 사모아볼까”…폭락했던 금 시세, 반등 흐름",2026-04-12 10:06:48,real_assets
금값,“금값 올랐을 때 나만 안 샀어”…지금 시작해도 안늦는 ‘금 투자법’ [캥거루족 탈출기⑬],2026-04-12 13:41:17,real_assets
금값,"""중동전쟁 쇼크 단기 그칠듯 … 금융자산 주식 비중 확대를""",2026-04-12 16:25:19,real_assets
금값,"[기고] 금, 실물 넘어 금융자산화 길 열어야",2026-04-12 17:38:25,real_assets
금값,"마코 마이닝, 1분기 금 판매 1.37만온스·매출 6860만 달러..전분기比 36%↑",2026-04-15 21:04:06,real_assets
금값,"정부 ""경기 하방 위험 커졌다""… 한은 ""원화, 금융충격에 더 취약""",2026-04-17 17:50:52,real_assets
금값,"“의원 금배지, 은으로 교체? 한국도 좀”…금값 치솟자 대체재 찾는 日",2026-04-19 17:04:08,real_assets
금값,“더 오를 줄 알았는데”…중동 긴장 재점화에 금값 ‘뚝’,2026-04-20 17:01:42,real_assets
금값,"“금은 배신 안 해” 미미, 과거부터 이어온 남다른 ‘골드 사랑’",2026-04-21 22:44:07,real_assets
금값,"미미, 금테크 성공에...“현물 좋아, 주식 못 믿어”",2026-04-22 11:03:08,real_assets
금값,"[단독] KRX금시장 참여 해외기업, ‘골목상권’ 침해 않기로 약속…금 시장가격 왜곡 해결 눈앞",2026-04-23 15:08:59,real_assets
금값,"“나도 돈벼락 맞게 해다오”…함평 나비축제장 인근 황금박쥐상, 현재 가치는?",2026-04-25 16:52:22,real_assets
금값,“시장 붕괴 올때마다 더 부자 됐어요”…곧 큰 기회 온다는 ‘부자아빠’,2026-04-29 13:38:06,real_assets
금값,"아그니코 이글 마인스, 1분기 매출 66% 급증..41억 달러 기록",2026-05-01 06:02:09,real_assets
금값,"엘도라도 골드, 1분기 매출 5억3천만 달러..금값 급등에 50% 증가",2026-05-01 06:19:01,real_assets
금값,“자기 문자 받았어? 월말에 올린대”…VIP에 미리 알린 ‘명품 인상’ 소식,2026-05-03 10:56:30,real_assets
금값,“관광객한테는 3배 비싸게?”…울릉도 17만원 ‘금값’ 마른오징어 논란,2026-05-04 14:25:29,real_assets
금값,"이지코프, 2026 회계연도 2분기 매출 4억4690만 달러·전년비 46%↑",2026-05-07 06:53:29,real_assets
금값,"“시장선 이미 전쟁 끝, 랠리 스타트”…글로벌 주식·채권 강세, 유가 100달러 아래로",2026-05-07 09:03:01,real_assets
금값,"세계 4위 베트남 코인 시장…빗썸, 글로벌 가상자산 거래소와 진출 경쟁",2026-05-08 16:05:42,real_assets
금값,"금값 된 반도체…갤S27 기본형, 중국산 화면 쓰나",2026-05-12 10:43:15,real_assets
금값,"프랑코 네바다, 1분기 매출 6억5070만 달러..전년비 77% 급증",2026-05-13 06:22:08,real_assets
금값,"얼라이드 골드, 1분기 매출 3억9,411만 달러..금 생산 14% 증가",2026-05-15 05:57:03,real_assets
금값,金보다 귀하신 몸…銀 보는 눈이 달라졌다,2026-05-15 14:25:55,real_assets
금값,3600만원 샤넬백·롤렉스 거부하더니…그 돈으로 SK하이닉스 풀매수 [스드메의 문단속⑤],2026-05-15 18:25:05,real_assets
금값,금은방도 깜박 속은 가짜금…삼성 박차고 나온 금은방 아들한테 딱 걸렸다,2026-05-17 08:33:47,real_assets
금값,"[2026 서울머니쇼 부스] 아시아골드, 민간 최초 ‘6면 잠상’ 제품 출시… 가맹 모집 가속화",2026-05-18 11:29:02,real_assets
금값,“예금만으로는 더 이상 힘들다” 고환율·유가 쇼크가 바꾼 부의 포트폴리오,2026-05-19 15:01:45,real_assets
금값,금값 고공행진에 밀수 기승…중앙은행들 ‘직접 매입’ 나섰다,2026.01.02 06:59,real_assets
금값,[100세시대 생애설계] 불안 없는 퇴직을 위한 성공적 은퇴설계,2026.01.02 09:21,real_assets
금값,금 밀수 막으려…중앙은행이 금광과 직거래,2026.01.02 11:38,real_assets
금값,금값 급등에 밀수 기승…각국 중앙은행 비상이라는데,2026.01.02 13:35,real_assets
금값,금 온스당 5000달러간다?…금값과 달러로 본 2026년 투자 전망은,2026.01.02 13:52,real_assets
금값,브레이크 걸린 은값…지금 저가매수 해볼까,2026.01.04 16:54,real_assets
금값,"“요즘 빠졌다는데 지금 사야 돼?”...잘나가던 은값 주춤, 저가매수 기회?",2026.01.04 18:24,real_assets
금값,"김숙, 장혜진 ‘칸 드레스’ 플렉스…‘30년 절친’ 의리(‘동상이몽2’)",2026.01.05 11:51,real_assets
금값,대통령 잡혀가니 금·은값 또 올라…불안한 국제정세에 믿을 건 안전자산뿐?,2026.01.06 10:58,real_assets
금값,마두로 체포 여파에 금값 또 사상 최고…안전자산 선호,2026.01.06 14:40,real_assets
금값,"""금 맡기면 이자"" 골드신탁 완판 … 하나銀 한도 2배↑",2026.01.06 17:56,real_assets
금값,"매출 7조 클럽 진입 한국금거래소…뒷골목 무자료 거래, 디지털 전환하니 금맥",2026.01.07 21:00,real_assets
금값,"아그니코 이글 마인스, 2025년 4분기 실적발표 일정 확정",2026.01.09 06:08,real_assets
금값,"“트럼프, 일부러 금·은값 올리는건 아니지?”…연준 때리자 금은 사상 최고가",2026.01.13 09:38,real_assets
금값,“현금 쥐고 있으면 손해”…환율 쇼크에 불붙은 ‘금테크’,2026.01.14 15:44,real_assets
금값,‘막장 불륜’이 부른 참극…김순금 유괴 살인 사건 전말(‘형수다2’),2026.01.16 15:21,real_assets
금값,이란 입지 흔들리자 치솟았다…부실채권 전문가들 여기에 ‘눈독’,2026.01.18 15:20,real_assets
금값,중국 ‘예금액 1경원’ 빠져나간다…“돈이 복사되는데 왜 묶어놔?”,2026.01.19 09:41,real_assets
금값,AI인프라·광산개발 호재…'K장비' 기지개,2026.01.19 17:26,real_assets
금값,"데이터센터 짓든 광산 파든, 굴삭기 안쓸거야?…기지개 켜는 K장비",2026.01.19 23:06,real_assets
