keyword,제목,날짜,sector,date
달러강세,"“너만 혼자 거지될래?”…예금 깨고 나온 돈, 우주항공·AI ETF로 향한다",2026.06.06 15:26,real_assets,2026-06-06
달러강세,“여기까지 올라오니 1만피가 저기 보이네”…6월 쉬어가도 천장 열려있다,2026.06.06 07:24,real_assets,2026-06-06
달러강세,"허코 코스, 2분기 매출 4760만 달러·전년비 17%↑",2026.06.05 23:37,real_assets,2026-06-05
달러강세,“외국인 연일 조 단위로 던지더니”…환율 ‘초비상’ 1550원선도 돌파,2026.06.05 23:11,real_assets,2026-06-05
달러강세,‘검은 금요일’ 코스피 5%대 급락해 8160 마감…코스닥도 4.5% 내려,2026.06.05 15:54,real_assets,2026-06-05
달러강세,2030 관심사는 ‘반도체·주식’…고공행진 코스피 탄 트렌드 [알고리즘 Up&Down],2026.06.05 14:41,real_assets,2026-06-05
달러강세,"“국장에서 던지고 달러 쓸어담는다”...환율 발작, 달러당 1550원 눈앞",2026.06.05 10:37,real_assets,2026-06-05
달러강세,달러당 원화값 장중 1540원대 돌파…금융위기 이후 최초,2026.06.05 10:21,real_assets,2026-06-05
달러강세,"“휴전도 했는데 왜?” … 1550원 뛰어넘은 환율, 공포 키우는 3가지 변수",2026.06.05 09:52,real_assets,2026-06-05
달러강세,“지방선거 끝났다고 계좌가 시퍼렇네요”…코스피 ‘패닉셀링’ 5%대 급락,2026.06.05 09:33,real_assets,2026-06-05
달러강세,‘브로드컴 쇼크’에 혼조 마감…다우 1.7%↑·나스닥 0.1%↓[뉴욕증시],2026.06.05 09:21,real_assets,2026-06-05
달러강세,"코너스톤 빌딩 브랜즈, 1분기 매출 11억 달러·순이익 2100만 달러 기록",2026.06.05 05:49,real_assets,2026-06-05
달러강세,"“언제 반등할 수 있을까”…비트코인, 시가 총액 5위→14위로 추락",2026.06.04 22:41,real_assets,2026-06-04
달러강세,“젠슨 황 깐부들도 파랗게 질렸는데”…상한가 찍은 종목 뭐길래,2026.06.04 19:31,real_assets,2026-06-04
달러강세,환율 어느새 1540원대까지 …'성공의 비용' 인식 안이하다 [사설],2026.06.04 17:36,real_assets,2026-06-04
달러강세,수출 호조에 역대급 매출까지…잘나가는 K뷰티에 기대감 커지네,2026.06.04 15:57,real_assets,2026-06-04
달러강세,“고유가도 벅찬데 환율 1530원 시대는 또 처음”…금융위기급 악재에 우는 항공업계,2026.06.04 15:57,real_assets,2026-06-04
달러강세,[홍장원 특파원의 월스트리트 인사이트] 장기금리 상승의 역습에도 시장 관심이 여전히 반도체·AI인 이유,2026.06.04 14:18,real_assets,2026-06-04
달러강세,무너지는 비트코인…6월에만 14% 폭락 [매일코인],2026.06.04 10:47,real_assets,2026-06-04
달러강세,중동 긴장 재고조…3대 지수 동반 하락 [뉴욕증시],2026.06.04 09:20,real_assets,2026-06-04
달러강세,“9천피 눈앞인데 내 계좌는 미지근” … 선거후 봐야 할 ‘증시 3대 변수’,2026-06-04 05:00:00,real_assets,2026-06-04
달러강세,"일본도 “반도체 가즈아”…시총 169위였던 키옥시아, 1년만에 2위로",2026-06-04 03:54:34,real_assets,2026-06-04
달러강세,"콘트롤라도라 부엘라 콤파니아, 5월 탑승률 86.2%..전년비 4.3%p 상승",2026-06-03 22:02:08,real_assets,2026-06-03
달러강세,"日도 AI 열풍 … 키옥시아 시총, 한때 도요타 제쳐",2026-06-03 20:49:04,real_assets,2026-06-03
달러강세,"“테슬라 긴장해”…삼성전자, 메타 제치고 세계 시총 10위",2026-06-03 10:38:05,real_assets,2026-06-03
달러강세,"필립 모리스 인터내셔널, 2026년 조정 EPS 8.31~8.46달러 제시..전년비 최대 12% 증가",2026-06-02 19:12:07,real_assets,2026-06-02
달러강세,'원화 약세=경제 위기' 공식 흔들린 3가지 이유,2026-06-02 17:46:27,real_assets,2026-06-02
달러강세,원화값 1510원에도 정부가 느긋한 이유… “반도체 호황이 환율 공포 눌렀다?”,2026-06-02 16:35:07,real_assets,2026-06-02
달러강세,[Part 3] 실물자산 투자 로드맵 | 성장세 여전한 금·반등 나선 은 장신구서 투자 자산으로,2026-06-02 16:33:56,real_assets,2026-06-02
달러강세,"[Part 2] 반도체 쏠림 韓 증시, 버블인가 | ‘삼전닉스’가 코스피 절반을 차지 반도체 투톱에 기댄 랠리 어디까지?",2026-06-02 14:27:28,real_assets,2026-06-02
달러강세,엔비디아 6%↑…유가 급등에도 최고치 마감 [뉴욕증시],2026-06-02 09:03:06,real_assets,2026-06-02
달러강세,"달러제너럴, 1분기 매출 108억 달러·전년비 3.5% 성장 전망에 강세",2026-06-02 08:50:31,real_assets,2026-06-02
달러강세,5월 서학개미가 가장 많이 산 ETF…이름 생소한데 담은 종목은 ‘익숙’,2026-06-02 06:04:52,real_assets,2026-06-02
달러강세,"펭귄솔루션스, 2026 회계연도 EPS 전망 상향…AI 인프라 성장세 주목",2026-06-02 05:40:47,real_assets,2026-06-02
달러강세,"MGM 인수 제안에 카지노 업계 M&A 기대감 고조, 윈리조트 강세",2026-06-02 00:01:36,real_assets,2026-06-02
달러강세,"아비노 실버앤골드 마인스, 2026년 매출 44억 달러·EPS 22.66달러 전망",2026-06-01 19:34:50,real_assets,2026-06-01
달러강세,"승부사 손정의…위워크 실패 딛고, 오픈AI로 대역전극",2026-06-01 18:03:17,real_assets,2026-06-01
달러강세,삼전 시총 2000조 … 소뱅은 日 왕좌에,2026-06-01 18:03:14,real_assets,2026-06-01
달러강세,서학개미도 메모리 '올인' ETF순매수 1위 라운드힐,2026-06-01 18:02:18,real_assets,2026-06-01
달러강세,[Part 1] 증시 어디까지 | 8천피 고지 찍고 급등락 1만피 전망 두고 ‘同床異夢’,2026-06-01 17:16:52,real_assets,2026-06-01
달러강세,"삼성전자, `플러스 알파: 대규모 주주환원` 증권사 발표에 강세",2026-06-01 14:00:47,real_assets,2026-06-01
달러강세,"외국인 2조 팔아도 안 꺾였다…코스피, 사상 첫 8600선 돌파",2026-06-01 10:04:27,real_assets,2026-06-01
달러강세,"[美공시]Elmet Group Co, 2026년 1분기 실적 발표: 견실한 성장과 성공적인 증액 IPO",2026-06-01 08:52:00,real_assets,2026-06-01
환율,새 총리 후보에 한성숙 … 민심 듣고 균형 잡는 책임총리 되길 [사설],17분 전,real_assets,2026-06-26
환율,환율,1시간 전,real_assets,2026-06-26
환율,[포토] 폭등하는 환율,1시간 전,real_assets,2026-06-26
환율,“선결제 해줘” 아이유 이어 조인성·박보영까지…잠실 개표소 시위에 ‘불똥’,6시간 전,real_assets,2026-06-26
환율,"“PB? 이제 헛돈 쓰는 느낌이”…돈 좀 있는 사람들, 80%는 마음 정했다",7시간 전,real_assets,2026-06-26
환율,"삼성·하이닉스, 2분기 또 ‘돈방석’…영업이익 150조 예상된다는데",7시간 전,real_assets,2026-06-26
환율,"“더 간다” VS “조정장 온다”…“코스피 만이천피 간다” 파격 전망도, 변수는",8시간 전,real_assets,2026-06-26
환율,[단독] “0%라더니 수백억 관세 추징 날벼락”…소고기업체들 감사청구 나선 이유,11시간 전,real_assets,2026-06-26
환율,"“돈 퍼부어 코스피만 올리면 되나”…안철수, 이 대통령에 ‘환율 대책 TF’ 요구",2026.06.06 15:01,real_assets,2026-06-06
환율,"다케다 파마슈티컬스, 4분기 코어 EPS 60% 급증..영업익 15% 증가",2026.06.05 19:30,real_assets,2026-06-05
환율,원화값 1555원까지 밀려 … 외국인 주식 팔고 수출기업은 환전 늦춰,2026.06.05 17:58,real_assets,2026-06-05
환율,"금융사기 통로된 외화계좌 … 당국, 긴급점검",2026.06.05 17:46,real_assets,2026-06-05
환율,[표] 외국환율고시표,2026-06-05 17:46:16,real_assets,2026-06-05
환율,“믿을 수 없었다”…평범한 튀르키예 남성 계좌에 33조원 입금 ‘황당’,2026-06-05 17:03:14,real_assets,2026-06-05
환율,기름값 뛰더니…소비자물가 2년 2개월 만에 3% 돌파 [데이터로 보는 세상],2026-06-05 16:42:55,real_assets,2026-06-05
환율,"고래가 된 개미, 증시 판을 바꿨다 [편집장 레터]",2026-06-05 16:41:54,real_assets,2026-06-05
환율,고환율에 희비 갈린 산업계…‘반도체·조선’ 웃고 ‘항공·석화’ 울상,2026-06-05 16:23:53,real_assets,2026-06-05
환율,반도체 떼돈 벌어도 금융위기급 고환율…어디까지 오를까,2026-06-05 16:11:06,real_assets,2026-06-05
환율,클릭의 종말? 검색창이 ‘명령창’ 됐다 [AI 딥다이브],2026-06-05 15:13:55,real_assets,2026-06-05
환율,성적표 어떻길래…첩첩산중 신한라이프,2026-06-05 15:09:15,real_assets,2026-06-05
환율,“메뉴판 보기 무섭네”...외식 업계 가격 줄인상,2026-06-05 14:13:34,real_assets,2026-06-05
환율,‘금리 인상’ 정해진 미래…영끌·빚투족 비상,2026-06-05 14:12:23,real_assets,2026-06-05
환율,"비공개, 비공개…국민연금 ‘깜깜이 운용’ 뒷말만 [재계톡톡]",2026-06-05 14:09:23,real_assets,2026-06-05
환율,"“2670조 스페이스X 상장, 어디서 사냐고요?” … 우주 ETF 3종 투자법",2026-06-05 13:40:37,real_assets,2026-06-05
환율,"“지금이 돈 벌 기회라고”…공매도에 사상 최대 자금 몰려, 주요 종목보니",2026-06-05 12:52:05,real_assets,2026-06-05
환율,‘검은 금요일’ 코스피 5%대 급락…반도체 투톱 ‘휘청’,2026-06-05 09:27:51,real_assets,2026-06-05
환율,"[美공시]쿠퍼, 소송 문제 속에서도 기록적인 매출 및 비GAAP 기준 이익 성장을 기록하며 2026년 2분기 견실한 실적 발표",2026-06-05 08:40:29,real_assets,2026-06-05
환율,"고소영 새언니, 서인영 악마 손톱 원조였다…“여기서 탄생”",2026-06-05 07:50:24,real_assets,2026-06-05
환율,"퀘넥스 빌딩 프로덕트, 2분기 매출 4.6억 달러·2.2%↑...영업익 54%↓",2026-06-05 05:18:57,real_assets,2026-06-05
환율,"가이드와이어 소프트웨어, 3분기 매출 3억7천만 달러·전년비 27%↑",2026-06-05 05:09:36,real_assets,2026-06-05
환율,정부 구두개입에도…원화값 1540원대 급락,2026-06-04 23:17:38,real_assets,2026-06-04
환율,“LG전자 하루에 22% 하락”…젠슨 황 방한에 관련주 회복여부 ‘관심’,2026-06-04 20:29:01,real_assets,2026-06-04
환율,“삼전닉스 너무 올랐나”…반도체 넘어 증권주가 반등할 수 있다는데,2026-06-04 19:12:42,real_assets,2026-06-04
환율,"정부, 환율 구두개입에도 … 원화값 1540원대로 밀려",2026-06-04 18:06:48,real_assets,2026-06-04
환율,“메가커피 너 마저” 왕할메가커피 3400원…줄줄이 인상,2026-06-04 15:08:29,real_assets,2026-06-04
환율,선거 끝나자 환율 1530원 직행…“1500원대 뉴노멀 될라” 우려,2026-06-04 14:06:58,real_assets,2026-06-04
환율,"넵튠, ‘클랫’ 누적 이용자수 5년만 3천5백만 돌파",2026-06-04 13:10:36,real_assets,2026-06-04
환율,“日 자동차 7개 다 합해도 삼전닉스 10분의 1”…韓기업 순익 18년만에 日 추월,2026-06-04 11:45:06,real_assets,2026-06-04
환율,"“환율 부담스럽지만”…김흥국, 자비로 북중미 월드컵 간다",2026-06-04 10:55:22,real_assets,2026-06-04
환율,"금리인상이 호재?…13% 급등에 신고가 ‘삼성화재’[오늘, 이 종목]",2026-06-04 10:40:46,real_assets,2026-06-04
환율,환율 1530원대 글로벌 금융위기來 처음…정부 “필요 시 즉시 조치 나선다”,2026-06-04 10:01:24,real_assets,2026-06-04
환율,치솟는 포장재·원둣값에…커피업계 줄줄이 가격 인상,2026-06-04 09:43:24,real_assets,2026-06-04
환율,“9조원 썼는데 환율은 1500원 돌파”…외환보유액 한달만에 다시 감소,2026-06-04 09:11:10,real_assets,2026-06-04
환율,"李정부 2년차, 리콴유의 예언 [김세형칼럼]",2026-06-04 09:01:52,real_assets,2026-06-04
환율,"필립스 반 호이젠, 1분기 EPS 2.01달러로 예상 상회..아태 10% 성장",2026-06-04 05:19:59,real_assets,2026-06-04
환율,“환율 13거래일째 1500원대”…2009년 금융위기 기록 넘었다,2026-06-03 22:19:25,real_assets,2026-06-03
환율,[포토] 환율 1500원대 '뉴노멀',2026-06-03 20:45:01,real_assets,2026-06-03
환율,"[김세형칼럼] 李정부 2년차, 리콴유의 예언",2026-06-03 20:19:39,real_assets,2026-06-03
환율,"코그나이트 소프트웨어, 1분기 매출 1억5540만 달러..전년비 10% 증가",2026-06-03 20:09:03,real_assets,2026-06-03
환율,"나경원 “이 대통령, 거울치료 시급…국민의힘에 견제할 힘 달라”",2026-06-03 16:10:14,real_assets,2026-06-03
환율,“한 판에 1만원? 수입산이라도 사고 봐야죠”…계란 공급난에 장바구니 물가 비상,2026-06-03 13:38:21,real_assets,2026-06-03
환율,"매경이 전하는 세상의 지식 (매-세-지, 6월 3일)",2026-06-03 07:00:00,real_assets,2026-06-03
환율,"“2100원도 못 버텼다”…메가커피, ‘할메가커피’ 200원씩 인상키로",2026-06-02 21:46:57,real_assets,2026-06-02
환율,"불닭 반도체, 진짜 반도체엔 안되네…삼양식품 9거래일째 급락",2026-06-02 20:13:13,real_assets,2026-06-02
환율,“중동전쟁 때문에 더 팍팍”…고물가·고금리·고환율 ‘삼중고’ 오나,2026-06-02 18:37:27,real_assets,2026-06-02
환율,미국산 철강 쓰면 관세 우대 고환율·고물가 뉴노멀 농기계 관세 25 → 15% 인하,2026-06-02 17:54:00,real_assets,2026-06-02
환율,[뉴스&분석] 8천피 환호 속 불안 … 환율·물가·금리 '3高',2026-06-02 17:53:41,real_assets,2026-06-02
환율,"""포장재 비용 상승 무섭네""…삼양식품 9거래일째 급락",2026-06-02 17:51:17,real_assets,2026-06-02
환율,코스피 매도 쏟아낸 외국인…거래대금 비중 되레 늘었네,2026-06-02 17:51:16,real_assets,2026-06-02
환율,3%대 올라선 물가…최고가격제 착시 걷으면 더 심각 [사설],2026-06-02 16:34:24,real_assets,2026-06-02
환율,중동전쟁발 비용부담 현실로…삼양식품 주가 9거래일 연속 하락,2026-06-02 16:24:17,real_assets,2026-06-02
환율,［기고］지정학적 리스크 프리미엄/문정빈 고려대 경영대학 교수,2026-06-02 10:50:25,real_assets,2026-06-02
환율,"테슬람 보고있나…삼성전자 시총, 테슬라·메타 추월해 글로벌 9위",2026-06-02 10:17:05,real_assets,2026-06-02
환율,대국민 호소 나선 장동혁…“투표만이 내 재산과 후손 미래 지켜”,2026-06-02 09:06:20,real_assets,2026-06-02
환율,"인터내셔널 플래이버스 & 프래그랜스, 식품재료 사업부 43억 달러 매각..CVC와 계약",2026-06-01 22:02:00,real_assets,2026-06-01
환율,“버텨봤자 빚만 늘어나겠죠”...이자 못 갚아 파산하는 중소기업 폭증,2026-06-01 18:47:15,real_assets,2026-06-01
환율,"""韓 반도체 슈퍼사이클에 통화정책 운용 여력 충분""",2026-06-01 17:58:36,real_assets,2026-06-01
환율,中企는 고금리·불황에 신음 … 법인파산 3년새 2.3배 급증,2026-06-01 17:54:44,real_assets,2026-06-01
환율,[노영우의 스톡피시] 신현송·김용범의 엇갈린 성장률 해석,2026-06-01 17:33:54,real_assets,2026-06-01
환율,"한은총재, 마이크 잡을 때마다 그 소리…“성장 강력하다” 또 금리인상 시사",2026-06-01 17:30:42,real_assets,2026-06-01
환율,[매경이코노미스트] 반도체 초호황의 역설,2026-06-01 17:16:36,real_assets,2026-06-01
환율,사용자 처벌만으론 산재 못막아 … 근로자의 '현장 익명 제보' 보장해야 [기고],2026-06-01 16:04:26,real_assets,2026-06-01
환율,송언석 “권력의 맛에 도취한 집권 세력…최소한 견제 해야”,2026-06-01 13:12:17,real_assets,2026-06-01
환율,분기 손실만 7조 내는 기업이 … 2600조짜리로 평가받는 이유,2026-06-01 04:00:00,real_assets,2026-06-01
환율,"“삼전닉스 더 담을까?” … 액셀 밟은 코스피, 브레이크 시점은",2026-06-01 04:00:00,real_assets,2026-06-01
국제유가,美 테크기업 JX 가속에 … 일자리 감축 2년來 최대,2026.06.05 17:54,real_assets,2026-06-05
국제유가,[필동정담] K자 양극화,2026.06.05 17:24,real_assets,2026-06-05
국제유가,이란 “호르무즈 요금 받겠다”…통행료 아닌 서비스 비용 내라는데,2026.06.05 11:25,real_assets,2026-06-05
국제유가,정부 “올해 물가상승률 2.7%…7월 유가 따라 최고가격제 해제 검토”,2026.06.04 17:01,real_assets,2026-06-04
국제유가,AI랠리에 美증시 최고가 행진...젠슨황 효과에 마벨 33%[월가월부],2026.06.03 06:08,real_assets,2026-06-03
국제유가,"""기름값 너무 비싸요"" 37개국 전기차 판매 줄줄이 신기록 경신",2026.06.02 17:54,real_assets,2026-06-02
국제유가,고유가에 비행기값 폭등했는데…‘10만원’ 일본행 티켓 가능한 이유는,2026.06.02 17:48,real_assets,2026-06-02
국제유가,5월 소비자물가 3.1% 올라 … 고유가에 26개월來 최대치 상승,2026.06.02 17:46,real_assets,2026-06-02
국제유가,"[기고] 에너지 대전환 시대, 바다는 플랫폼이다",2026.06.02 17:36,real_assets,2026-06-02
국제유가,유가 고공비행에도 日항공권 10만원…왜?,2026-06-02 17:01:42,real_assets,2026-06-02
국제유가,정청래 “내란 불씨 완전히 꺼야”…본투표 하루 앞두고 대국민 호소,2026-06-02 16:51:05,real_assets,2026-06-02
국제유가,"킨텍스, ‘실천형 에너지절감 아이디어 공모전’ 개최",2026-06-02 16:19:27,real_assets,2026-06-02
국제유가,“한은 금리인상론 힘 실리나”…기름값 24% 뛰더니 물가 다시 3% 뚫어,2026-06-02 08:20:07,real_assets,2026-06-02
국제유가,[속보] 5월 소비자물가 3.1%↑…중동 위기로 26개월만에 최고,2026-06-02 08:03:09,real_assets,2026-06-02
국제유가,메모리 한상자 수출하면 도심 아파트 한채 값 번다…수출 신기록 달성,2026-06-02 06:04:30,real_assets,2026-06-02
국제유가,1년새 7배 뛴 메모리값…韓수출 '서프라이즈',2026-06-01 17:58:35,real_assets,2026-06-01
국제유가,“휴가철 특수 누가 먹나”…증권가가 찍은 여름 성수기 수혜주는?,2026-06-01 15:46:53,real_assets,2026-06-01
국제유가,정유사 원가 산정 고시 발표 임박… 원유 매입 시점･유종･수출 이윤 최대쟁점,2026-06-01 12:46:47,real_assets,2026-06-01
국제유가,“코로나 때보다 더하네”…유가 쇼크에 멈춰 선 항공·석유,2026-06-01 09:17:43,real_assets,2026-06-01
원유,세계 식량물가 5개월 만에 떨어졌다…팜유·치즈 가격 하락에 0.2%↓,2026.06.06 16:04,real_assets,2026-06-06
원유,월가 퀀트 출신이 만든 RWA 플랫폼 ‘베리에이셔널’…“올 여름 일반 공개”,2026.06.06 12:14,real_assets,2026-06-06
원유,[단독] 정부 “비상시에만 써라”…비축유 상환유예 반려에 정유업계 ‘긴장’,2026.06.04 11:42,real_assets,2026-06-04
원유,개각 준비중 李정부…차기 총리 후보에 강훈식·정성호·한성숙,2026.06.04 11:03,real_assets,2026-06-04
원유,“이란 물가상승률 200% 넘고 통화가치도 폭락”…美재무의 경고,2026.06.04 01:45,real_assets,2026-06-04
원유,"옵시디안 에너지, 벨리리버 라이트오일 자산 9,600만 달러 인수",2026.06.03 23:43,real_assets,2026-06-03
원유,"정부, 캐나다산 원유 도입 3배 확대 추진",2026.06.02 23:20,real_assets,2026-06-02
원유,"산업부, 캐나다서 원유 1600만 배럴·LNG 340만 톤 확보...강훈식 비서실장 지원사격",2026.06.02 22:59,real_assets,2026-06-02
원유,공급관리 중점둔 '에너지통계'…기업 수요 중심으로 개편한다,2026.06.02 17:47,real_assets,2026-06-02
원유,"[MK시그널] 선코에너지 매도신호 포착, 수익률 45.1% 달성",2026.06.02 10:08,real_assets,2026-06-02
원유,"서밋 미드스트림, 3,500만 달러 규모 첫 자사주 매입 프로그램 승인",2026-06-02 05:35:46,real_assets,2026-06-02
원유,"엡실론 에너지, 2분기 배당 0.0625달러 결정·신용한도 9000만 달러 확대",2026-06-02 05:02:51,real_assets,2026-06-02
원유,"수천억짜리 쇄빙선, 10년간 90척 쏟아진다 … ‘북극 항로’ 수혜주 여기 있네",2026-06-02 04:00:00,real_assets,2026-06-02
원유,"노블, 5억 달러 무담보 선순위 채권 발행..8.5% 담보부 채권 조기 상환",2026-06-01 21:06:26,real_assets,2026-06-01
원유,"세이블오프쇼어, 산타 이네즈 생산 재개·연방 정부 파이프라인 지원으로 실적 급반등 기대",2026-06-01 20:21:03,real_assets,2026-06-01
원유,"세이블 오프쇼어, 생산 재개로 2027년 EPS 2.99달러 전망",2026-06-01 19:39:51,real_assets,2026-06-01
원유,"토털에너지스, 3거래일간 3,313만 유로 규모 자사주 매입",2026-06-01 19:07:59,real_assets,2026-06-01
원유,[특파원칼럼] 일본에 날아든 '재정 중독' 청구서,2026-06-01 17:33:54,real_assets,2026-06-01
원유,“라떼(Latte) 말고 진짜 우유!” 세계 우유의 날 맞아 ‘우유 몰입형 전시’ 본격 운영,2026-06-01 16:10:49,real_assets,2026-06-01
원유,"김 총리, 대전 한화에어로 폭발사고에 “화재진압·인명구조 최선”",2026-06-01 13:11:39,real_assets,2026-06-01
원유,“없으면 호르무즈 못 지나가” … 비트코인이 종전 합의안을 주목하는 이유,2026-06-01 04:00:00,real_assets,2026-06-01
금값,"“금값 좀 덜 올랐으면 좋겠다”…전세계 채굴 1위 기업, 인상 찌푸리는 이유는",7시간 전,real_assets,2026-06-26
금값,美 국채보다 金…전 세계 중앙은행 쓸어 담는다,2026.06.05 16:00,real_assets,2026-06-05
금값,"[Part 3 | INTERVIEW] “자산이 된 보석, 희소성에 무게 둬야”",2026.06.02 17:25,real_assets,2026-06-02
금값,"""내가 ETF 3위""… '국장파' KB vs '美장파' 한투 접전",2026.06.01 18:02,real_assets,2026-06-01
WTI,"옵시디안 에너지, 2026년 자본 투자 100억 달러 증액..2027년 생산량 15% 성장 목표",2026.06.02 06:07,real_assets,2026-06-02
달러강세,주식·원자재·비상장주까지 무기한 선물의 무한 확장...한국은?[엠블록레터],2026.06.26 22:11,real_assets,2026-06-26
달러강세,[속보] 코스피 또 출렁…5.8% 급락한 8411 마감,2026.06.26 15:38,real_assets,2026-06-26
달러강세,"[美공시]퀀텀, 2026 회계연도 4분기 매출이 27% 증가해 7,800만 달러를 기록했다고 발표",2026.06.26 08:41,real_assets,2026-06-26
달러강세,"매경이 전하는 세상의 지식 (매-세-지, 6월 26일)",2026.06.26 07:00,real_assets,2026-06-26
달러강세,"테크노글래스, 2026년 매출 11억 달러 전망..고마진 전략 주효",2026.06.26 05:33,real_assets,2026-06-26
달러강세,"마이크론 호실적에 PCE 안도감까지...뉴욕증시, 일제히 상승 출발",2026.06.25 23:08,real_assets,2026-06-25
달러강세,“반도체發 호황 내년 말까지 간다”… 코스피 1만500P 부른 글로벌 IB 명가,2026.06.25 18:42,real_assets,2026-06-25
달러강세,美 금리인상 가능성에 금값 4000달러선 붕괴,2026.06.25 17:55,real_assets,2026-06-25
달러강세,국제유가 진정에 항공주 ‘신났다’…대한항공 6.4%↑,2026.06.25 17:41,real_assets,2026-06-25
달러강세,“1만5천피’ 간다”…조정 때 주워담으라는 JP모건,2026.06.25 17:00,real_assets,2026-06-25
달러강세,"“믿고 있었습니다, 마이크론”…반도체 우려 꺾이자 코스피 5.4% 급등",2026.06.25 16:34,real_assets,2026-06-25
달러강세,“코스피 뜨거워도 돈은 미장으로”…대미 금융자산 1조달러 첫 돌파,2026.06.25 14:49,real_assets,2026-06-25
달러강세,“금은 안전” 이젠 옛말?…1월 고점 대비 28% 떨어져,2026.06.25 14:15,real_assets,2026-06-25
달러강세,환율 ‘1550원 헬게이트’ 열리나…당국개입도 안먹히는 까닭,2026.06.25 13:44,real_assets,2026-06-25
달러강세,"“하이닉스 얼마나 더 오를까”...ADR 상장에 ‘활활’ [오늘, 이 종목]",2026.06.25 10:58,real_assets,2026-06-25
달러강세,[속보] 마이크론 훈풍에 ‘삼전닉스’ 질주…코스피 5% 급등에 매수 사이드카,2026.06.25 09:19,real_assets,2026-06-25
달러강세,기술주 약세에 숨 고르기…3대 지수 혼조 마감 [뉴욕증시],2026.06.25 09:07,real_assets,2026-06-25
달러강세,“금리 앞에선 금도 못버텨”…4천달러 붕괴하며 3년 강세장 마감,2026.06.25 08:57,real_assets,2026-06-25
달러강세,"“주변에 AI 안 쓰는 사람 있나”…거품론 잠재운 마이크론, 매출 4배 급증",2026.06.25 05:34,real_assets,2026-06-25
달러강세,"제프리스 파이낸셜, 2분기 매출 23억 달러·EPS 155% 급증",2026.06.25 05:22,real_assets,2026-06-25
달러강세,환율 불안한데 … MSCI 선진국지수 또 불발,2026-06-24 18:03:55,real_assets,2026-06-24
달러강세,“코스피 10% 급락이요? 지금이 기회”…美반도체주 급락에도 3% 반등 성공,2026-06-24 16:24:08,real_assets,2026-06-24
달러강세,"“더 부자 된 서울 부자들”…460억 자산가 6220명, 증가율 세계 1위",2026-06-24 14:29:23,real_assets,2026-06-24
달러강세,"“남들 패닉때 난 줍줍하지”…‘역대급 폭락’ 코스피, 하루 만에 3%대 반등",2026-06-24 09:39:29,real_assets,2026-06-24
달러강세,"키와우니 사이언티픽 코퍼레이션, 2026 회계연도 4분기 매출 7,140만 달러..전년비 7.5% 감소",2026-06-24 06:11:56,real_assets,2026-06-24
달러강세,"카니발, 2026년 2분기 매출 67억 달러·EPS 0.41달러 기록",2026-06-23 22:19:15,real_assets,2026-06-23
달러강세,"콘 페리, 4분기 매출 7억6000만 달러·EPS 1.40달러..전년비 7% 증가",2026-06-23 20:20:00,real_assets,2026-06-23
달러강세,李 대통령 “석유 최고가격제 유지하고 좀 낮춰야”,2026-06-23 15:13:59,real_assets,2026-06-23
달러강세,"“하이닉스 시총, 삼전 넘으면 증시 추락”…증권사 보고서 ‘성지순례’ 왔습니다",2026-06-23 14:42:34,real_assets,2026-06-23
달러강세,삼전닉스 언제 팔까요 묻거든…“내년 12월 달력을 보게하라”는데,2026-06-23 05:58:22,real_assets,2026-06-23
달러강세,"""중동 긴장 완화로 유가 안정 … 하반기 원화값 1450원 전망""",2026-06-22 17:42:48,real_assets,2026-06-22
달러강세,"코스피, 또 사상 최고치 9114.55 마감…SK하닉, 시총 1위 등극",2026-06-22 15:49:24,real_assets,2026-06-22
달러강세,“금값 떨어진 지금이 사모을 때”…부자아빠도 증권가도 찬스라는데,2026-06-22 14:34:48,real_assets,2026-06-22
달러강세,진격의 반도체 소부장 … 코스닥 시총 20위권내 대거 진입,2026-06-21 17:45:28,real_assets,2026-06-21
달러강세,“미장 50%·국장 30%가 실패 없는 공식”…나머지 20%는 어디에 넣죠? [여의도란도란],2026-06-21 09:41:57,real_assets,2026-06-21
달러강세,"삼전 ‘테슬라’ 넘고, 하이닉스 ‘마이크론’ 제쳤다…세계 뒤흔든 ‘K-반도체’",2026-06-19 21:58:43,real_assets,2026-06-19
달러강세,전쟁 끝났는데 환율 1500원대 지속…“매파 연준·달러 수요 겹쳐 약세”,2026-06-19 17:05:24,real_assets,2026-06-19
달러강세,비트코인 제친 삼성전자…글로벌 시총 12위 ‘우뚝’,2026-06-19 14:49:15,real_assets,2026-06-19
달러강세,"‘삼전닉스’ 오늘도 신고가 랠리…코스피 9300선 돌파, 코스닥은 1000선 붕괴",2026-06-19 09:28:56,real_assets,2026-06-19
달러강세,"미 훈풍, 호재 만발…‘9천피’ 시대 개막한 코스피, 고공행진 이어갈까?",2026-06-19 08:08:15,real_assets,2026-06-19
달러강세,"스콜피오 탱커스, 2분기 LR2 일평균 TCE 8만달러..전년비 큰폭 개선",2026-06-19 05:21:31,real_assets,2026-06-19
달러강세,"""해외투자 3% 늘어날 때, 원화값은 0.7% 떨어져""",2026-06-18 17:58:25,real_assets,2026-06-18
달러강세,"“환율 1400원대 복귀, 물건너가나”…워시 체제 첫 FOMC, 외환시장 영향은",2026-06-18 15:53:57,real_assets,2026-06-18
달러강세,[속보] 코스피 9000 시대 개막…2.3% 상승 9063 마감,2026-06-18 15:37:55,real_assets,2026-06-18
달러강세,아이폰도 값 오르나…애플 “메모리 대란에 가격인상 불가피”,2026-06-18 12:53:08,real_assets,2026-06-18
달러강세,"“그 주식은 더 오르면 거품”...찬양 일색 마이크론, 나홀로 ‘매도’ 의견 등장",2026-06-18 09:50:03,real_assets,2026-06-18
달러강세,달러 비싸서 미국 주식 못 산다고? … 환율 1500원 시대 달라진 투자 셈법,2026-06-18 04:00:00,real_assets,2026-06-18
달러강세,"EUV 독점 공급자 ASML홀딩, 2026년 매출 456억 달러 성장 전망에 강세",2026-06-17 22:53:18,real_assets,2026-06-17
달러강세,"자빌, 3분기 매출·EPS 모두 시장 예상 상회…AI 인프라 수요 강세",2026-06-17 22:20:37,real_assets,2026-06-17
달러강세,"[속보] 코스피, 1.58%↑ 8864 마감…종가기준 사상 최고치",2026-06-17 15:47:44,real_assets,2026-06-17
달러강세,"“머스크 믿고 간다”…서학개미, 스페이스X 상장 첫날 1.2조 베팅",2026-06-17 11:10:49,real_assets,2026-06-17
달러강세,코스피 FOMC 앞두고 숨고르기 출발…장 초반 8600선 등락,2026-06-17 09:34:22,real_assets,2026-06-17
달러강세,‘워시 첫 FOMC’ 앞두고 혼조 마감…다우지수는 최고치 [뉴욕증시],2026-06-17 09:08:50,real_assets,2026-06-17
달러강세,"샌유웨이브 헬스, 2분기 매출 가이던스 하향..8,500만~9,500만 달러",2026-06-16 21:09:04,real_assets,2026-06-16
달러강세,"엔화값 충격 없어 시장은 안도 … 日, 하반기 또 금리인상 시사",2026-06-16 17:55:05,real_assets,2026-06-16
달러강세,"코스피, 8700선 탈환…종전 훈풍에 외국인·기관 순매수",2026-06-16 16:05:45,real_assets,2026-06-16
달러강세,‘스페이스X’ 화려한 데뷔…상장 이틀 만에 40% 급등,2026-06-16 13:33:10,real_assets,2026-06-16
달러강세,"“이익 정점인가, 시작인가” 삼성·하이닉스 AI가 바꾼 메모리 공식",2026-06-16 10:26:48,real_assets,2026-06-16
달러강세,‘9000피’ 재도전…종전 훈풍에 코스피 8700선 회복,2026-06-16 09:44:52,real_assets,2026-06-16
달러강세,종전 협상 타결 소식에…3대 지수 강세 마감 [뉴욕증시],2026-06-16 09:00:26,real_assets,2026-06-16
달러강세,원화 반등에도 여전히 1500원대 … 이번주 연준 FOMC가 또 고비,2026-06-15 17:49:59,real_assets,2026-06-15
달러강세,종전 합의에 항공·건설株 급반등 … 반도체도 더 탄력받나,2026-06-15 17:49:58,real_assets,2026-06-15
달러강세,"K패션, 중국 시장 출점에 속도 낸다",2026-06-15 17:27:28,real_assets,2026-06-15
달러강세,"[속보] 코스피, 5.2% 급등 8500선 회복",2026-06-15 15:36:36,real_assets,2026-06-15
달러강세,"“외국인 매도폭탄 버틴 코스피, 대단하네”…5월 주식자금 순유출 48조 ‘역대 최대’",2026-06-15 14:37:02,real_assets,2026-06-15
달러강세,중동 리스크 해소에 원화값 ‘껑충’…장중 1504원까지 뛰었다,2026-06-15 10:27:58,real_assets,2026-06-15
달러강세,역대급 실적에도 눈높이 낮췄다…고려아연 목표가 하향 이유는 [오늘 나온 보고서],2026-06-15 09:18:49,real_assets,2026-06-15
달러강세,"“이제부턴 꽃길” 코스피, 종전 합의 소식에 8400선 상승 출발…코스닥도 ↑",2026-06-15 09:18:26,real_assets,2026-06-15
달러강세,미·이란 종전 합의에 코스피 5% 급등…8500선 회복,2026-06-15 09:17:00,real_assets,2026-06-15
달러강세,오늘은 급등·내일은 폭락…AI주 투자자 마음 편히 해줄 ETF는 [이번주 찜할 ETF],2026-06-15 06:06:19,real_assets,2026-06-15
달러강세,"일본은행 31년 만의 기준금리 1%, 이번 주 엔화를 봐야 하는 이유",2026-06-15 04:00:00,real_assets,2026-06-15
달러강세,"“종전 사인 한다며?”…월요일 기다리는 개미들, 코스피 9000 재도전",2026-06-14 10:31:02,real_assets,2026-06-14
달러강세,오늘은 급등·내일은 폭락…AI주 투자자 마음 편히 해줄 ETF는,2026-06-14 04:50:00,real_assets,2026-06-14
달러강세,"“K팝, 음악 축제는 일본보다 뒤처진다?” 글로벌 축제 매력도 지수 보니[제철축제]",2026-06-13 20:56:40,real_assets,2026-06-13
달러강세,"11조 잡스 유산으로도 못샀다 … 물감 흩뿌린 낙서, 시대의 작품으로",2026-06-13 05:00:00,real_assets,2026-06-13
달러강세,"코인시장, 스페이스X 성공 예상 … 공모가 대비 25% '웃돈' 거래",2026-06-12 17:53:09,real_assets,2026-06-12
달러강세,큰손도 개미도 스페이스X로 몰려 … 美국채·금값까지 흔들렸다,2026-06-12 17:46:42,real_assets,2026-06-12
달러강세,8% 폭등 뒤 뒷심 빠진 코스피…돌아온 외국인에 8100선은 안착,2026-06-12 16:05:05,real_assets,2026-06-12
달러강세,“바닥 아니다” vs “연말 10만달러”…비트코인 저점은 어디?,2026-06-12 15:21:08,real_assets,2026-06-12
달러강세,추락하는 원화…고환율 미스터리,2026-06-12 14:26:08,real_assets,2026-06-12
달러강세,“스페이스X 가즈아? 적정주가 63달러”…공모가 절반 후려친 까닭은,2026-06-12 09:27:22,real_assets,2026-06-12
달러강세,삼성전자 12% 급등…코스피 7%대 폭등에 매수 사이드카,2026-06-12 09:17:46,real_assets,2026-06-12
달러강세,"뉴몬트골드코프, 2026년 EPS 67% 급증 전망…수익성 개선 기대감 부각",2026-06-12 04:44:17,real_assets,2026-06-12
달러강세,"프리포트맥모란, 2026년 EPS 59% 급증·매출 285억 달러 전망에 강세",2026-06-12 02:51:55,real_assets,2026-06-12
달러강세,"어플라이드머티리얼스, 2026년 매출 330억달러·목표주가 상향에 강세",2026-06-11 22:41:09,real_assets,2026-06-11
달러강세,"슈 카니발, 사명 변경·티커 SHOE 전환, 57분기 연속 배당 지속",2026-06-11 19:16:50,real_assets,2026-06-11
달러강세,엔화 약세에 휩쓸린 원화값 … 환율 1500원 시대 만든 두 가지 [고환율 긴급 점검②],2026-06-11 18:24:20,real_assets,2026-06-11
달러강세,“역대급 수출로 달러 벌어놓고 왜?” … 원화값 추락 진짜 이유 [이슈 플러스],2026-06-11 18:19:57,real_assets,2026-06-11
달러강세,"‘급락’ 코스피 강보합 마감…코스닥은 질주, 4.8% 급등해 ‘천스닥’ 눈앞",2026-06-11 16:02:26,real_assets,2026-06-11
달러강세,"“달러 사둘걸, 후회했는데…지금이라도 들어가면 늦을까”",2026-06-11 15:44:42,real_assets,2026-06-11
달러강세,"“K롤러코스터 지쳤다”…일학개미, 3개월 연속 ‘사자’",2026-06-11 14:36:49,real_assets,2026-06-11
달러강세,양자컴이 비트코인 붕괴시킨다?…“은행 계좌가 더 위험해”,2026-06-11 14:35:32,real_assets,2026-06-11
달러강세,“AI 투자 사이클 꺾이지 않았다”...TSMC 월매출 20조원 돌파 ‘사상 최대’,2026-06-11 12:21:48,real_assets,2026-06-11
달러강세,“원화 약세? 외국인들만 신났네”…월세 가격 올라도 체감 가격 ‘뚝’,2026-06-11 10:18:00,real_assets,2026-06-11
달러강세,“반도체 피크아웃?” VS “조정 기회”…증권가가 바라보는 삼전·닉스 전망은,2026-06-11 08:52:07,real_assets,2026-06-11
달러강세,"“이젠 사이드카 발동해도 별 느낌이”…코스피, 매일이 롤러코스터",2026-06-11 06:06:00,real_assets,2026-06-11
달러강세,"유나이티드내추럴푸즈, 3분기 매출 35억 달러·EBITDA 목표 상향에 강세",2026-06-11 00:31:22,real_assets,2026-06-11
달러강세,전력 인프라株 슈퍼사이클 어디까지 … AI 데이터센터+전력망 교체로 수요 폭증,2026-06-10 18:12:18,real_assets,2026-06-10
달러강세,"""코스피처럼 멀미 안나네""… 일학개미, 석달째 순매수",2026-06-10 17:52:57,real_assets,2026-06-10
달러강세,"마이크론 호평 UBS, 이번엔 ""반도체 장비주""",2026-06-10 17:50:33,real_assets,2026-06-10
달러강세,“달러 1600원 시대 오나”…고환율 복병에 긴장하는 면세점들,2026-06-10 16:01:41,real_assets,2026-06-10
달러강세,“역대급 수출로 달러 벌어놓고 왜?” … 원화값 추락 진짜 이유 [고환율 긴급 점검①],2026-06-10 14:15:51,real_assets,2026-06-10
달러강세,"코스피, 하루 만에 8000선 또 깨져…외인·기관 ‘팔자’에 1%대 하락",2026-06-10 09:43:58,real_assets,2026-06-10
달러강세,“중국 AI 왜 써?” 하더니 사용량 1위…‘99% 할인’ 앞에는 국경없다,2026-06-10 06:02:29,real_assets,2026-06-10
달러강세,"케이시스 제너럴 스토어스, 4분기 EPS 4.37달러..전년비 66% 급증",2026-06-10 05:33:51,real_assets,2026-06-10
달러강세,"오일-드라이 코퍼레이션, 3분기 EPS 25% 급증·고양이 모래 매출 호조로 주목",2026-06-09 22:52:12,real_assets,2026-06-09
달러강세,"“AI 투자도 인플레 자극, 내년 금리인상 가능”…월가 채권 거물의 경고 [특파원 인사이트]",2026-06-09 20:05:12,real_assets,2026-06-09
달러강세,"US 골드마이닝, 휘슬러 프로젝트 탐사 조기 착수..구리 가격 강세 수혜",2026-06-09 19:36:53,real_assets,2026-06-09
달러강세,"제프 헬스, 1분기 매출 5150만 달러..전년비 33.8% 증가",2026-06-09 19:09:13,real_assets,2026-06-09
달러강세,"""일본은행 내주 기준금리 인상"" … 31년만에 최고 수준",2026-06-09 17:59:18,real_assets,2026-06-09
달러강세,원화값 변동성 17년만 최대 … 금융지주 대출여력 '뚝',2026-06-09 17:51:45,real_assets,2026-06-09
달러강세,"코스피, 전날 폭락분 일부 만회하며 4%대 반등…8000선 탈환할까",2026-06-09 09:44:17,real_assets,2026-06-09
달러강세,“건전한 리셋”…기술주 저가 매수 유입에 나스닥 0.86%↑ [뉴욕증시],2026-06-09 09:04:54,real_assets,2026-06-09
달러강세,"피나클 웨스트 캐피탈, 2026년 매출 55억 달러 전망..요금 14.7% 인상 추진",2026-06-09 05:26:53,real_assets,2026-06-09
달러강세,"오일-드라이 코퍼레이션 오브 아메리카, 3분기 매출 1억2600만 달러·전년비 9%↑",2026-06-09 05:12:32,real_assets,2026-06-09
달러강세,"베일 리조트, 3분기 순이익 19% 감소·연간 가이던스 하향",2026-06-09 05:08:42,real_assets,2026-06-09
달러강세,"“AI 투자도 인플레 자극, 내년 금리인상 가능” … 월가 채권 거물의 경고",2026-06-09 04:00:00,real_assets,2026-06-09
달러강세,"U.S. 글로벌 인베스터스, 2026년 1분기 EPS 0.21달러로 정정",2026-06-09 00:49:47,real_assets,2026-06-09
달러강세,"그레이엄, 2026 회계연도 매출 17% 증가·2억4530만 달러 달성",2026-06-08 20:14:27,real_assets,2026-06-08
달러강세,"[속보] ‘검은 월요일’ 코스피, 8.3% 급락…코스닥 9%↓",2026-06-08 15:36:05,real_assets,2026-06-08
달러강세,"윤상현 “고환율 환차익, 나눠주기보다 AI 투자로 돌려야”",2026-06-08 14:44:44,real_assets,2026-06-08
달러강세,환율 1555.2원 출발…17년만에 최악인데 “해결할 방법이 없다”,2026-06-08 10:11:34,real_assets,2026-06-08
달러강세,[속보] 달러당 원화값 1555.2원 개장…17년3개월만에 최저,2026-06-08 09:27:29,real_assets,2026-06-08
달러강세,"“국장 투자자, 이번 달은 어렵겠지만”…AI실적 안 사라진다는 증권가 [오늘 나온 보고서]",2026-06-08 08:55:49,real_assets,2026-06-08
달러강세,"“환율 1560원 돌파, 공항선 이미 1620원대”...외환위기 이후 최고 찍었다",2026-06-07 19:31:55,real_assets,2026-06-07
달러강세,美금리공포에 반도체 차익실현 韓증시도 '유동성 부족' 먹구름,2026-06-07 18:00:17,real_assets,2026-06-07
달러강세,서학개미 美주식 평가액 2000억달러 넘어섰다,2026-06-07 17:30:31,real_assets,2026-06-07
달러강세,[미국 주식 돋보기] 'M&A 본능' 일라이릴리…시총 1조달러 탈환,2026-06-07 17:30:30,real_assets,2026-06-07
달러강세,환율 1560원도 넘어 … “금융위기도 아닌데 도대체 왜 이래”,2026-06-07 15:08:58,real_assets,2026-06-07
환율,일한의원연맹 회장 만난 李 “가깝고도 가까운 사이 되길”,2026.06.26 18:19,real_assets,2026-06-26
환율,전쟁 끝나도 물가는 고공행진…음료·버거·커피 줄인상,2026.06.26 17:44,real_assets,2026-06-26
환율,"정부, 석유 최고가격 ℓ당 150원 인하 … 물가안정에 1조 투입",2026.06.26 17:39,real_assets,2026-06-26
환율,‘취임 후 최저’ 李 지지율 51%…與 41%·국힘 27% [한국갤럽],2026.06.26 17:17,real_assets,2026-06-26
환율,[경제실록] 환율 1500원이 소환한 IMF의 기억 … 경제위기 경로가 달라졌다,2026.06.26 16:38,real_assets,2026-06-26
환율,외화예금 늘어도 환율 고공행진…달러 곳간 쌓는 기업,2026.06.26 15:35,real_assets,2026-06-26
환율,"‘삼전닉스 레버리지’ 열풍에…감사원, 금융위·금감원 감사",2026.06.26 15:12,real_assets,2026-06-26
환율,“중동 리스크 아직 안 끝났다”…소비자 물가 또 들썩이나,2026.06.26 13:36,real_assets,2026-06-26
환율,"‘검은 금요일’ 코스피, 반도체 ‘투톱’ 급락 마감",2026.06.26 11:28,real_assets,2026-06-26
환율,[속보] 李대통령 지지율 취임 후 최저…고물가·고금리·고환율에 ‘휘청’,2026.06.26 10:20,real_assets,2026-06-26
환율,[속보] 이 대통령 지지율 51%…취임 후 최저치 [한국갤럽],2026.06.26 10:04,real_assets,2026-06-26
환율,"“SK하이닉스, 하반기 메모리 실적과 멀티플 둘 다 열려”…목표가↑",2026.06.26 07:25,real_assets,2026-06-26
환율,"BGC 그룹, 2분기 매출·세전 조정 이익 전망 유지",2026.06.25 21:09,real_assets,2026-06-25
환율,"맥코믹 앤드, 2분기 매출 19억 달러·전년비 17% 증가",2026.06.25 20:26,real_assets,2026-06-25
환율,"경기신용보증재단, ‘2026년 제2회 고객자문위원회’ 성료",2026.06.25 18:02,real_assets,2026-06-25
환율,"""급여 반납합니다"" 파라타항공 비상경영",2026.06.25 17:56,real_assets,2026-06-25
환율,"""수출대기업 원화 환전 독려"" … 정부, 외환거래 매일 점검",2026.06.25 17:43,real_assets,2026-06-25
환율,"[단독] “대표는 100%, 직원은 20% 임금 삭감”...출범 1년만에 코너 몰린 LCC",2026-06-25 17:24:18,real_assets,2026-06-25
환율,"[기고] 외식업 위기, 배달수수료 탓만 아니다",2026-06-25 17:21:08,real_assets,2026-06-25
환율,"현대차 노조, 파업권 확보…‘2년 연속 파업’ 위기 고조",2026-06-25 16:55:24,real_assets,2026-06-25
환율,‘몰캉스족’ 잡아라...휴양지로 변신한 백화점,2026-06-25 16:15:13,real_assets,2026-06-25
환율,장동혁 “국민은 ‘이재명 하명 합수본’ 안믿어…국힘 추천 특검만 진실 밝힐 것”,2026-06-25 11:06:07,real_assets,2026-06-25
환율,"“반도체가 다 하드캐리하네”…한경연, 올해 성장률 2.7% 전망",2026-06-25 10:26:06,real_assets,2026-06-25
환율,"메소드 일렉트로닉스, 4분기 매출 2억9800만 달러..전년비 15.9% 증가",2026-06-25 05:19:13,real_assets,2026-06-25
환율,“무서워서 계좌 안봤는데 삼전 10% 뭐예요?”…마이크론 우려도 이긴 호재,2026-06-24 18:32:23,real_assets,2026-06-24
환율,“빚투했다가는 돈 더 날립니다”…증시 오르내리자 반대매매 규모 하루 ‘370억’,2026-06-24 17:24:05,real_assets,2026-06-24
환율,중기·소상공인 “최저임금 인상에 벼랑 끝 내몰려...내년도 최저임금 동결을”,2026-06-24 16:13:30,real_assets,2026-06-24
환율,역대급 신용융자 조이기 나선 금감원…증권사 소집해 “기계적 리스크관리서 탈피를”,2026-06-24 15:06:07,real_assets,2026-06-24
환율,김용범 “용인 반도체 클러스터 지방이전 아냐…제2클러스터 추가하는 것”,2026-06-24 10:51:21,real_assets,2026-06-24
환율,"‘로블록스의 픽’ 벌스워크, 알토스벤처스로부터 270만달러 투자 유치",2026-06-24 10:16:12,real_assets,2026-06-24
환율,"한국은 계속 무료, 중국엔 입장료 5배 올렸다…대놓고 차별한 日, 속사정은?",2026-06-24 10:04:59,real_assets,2026-06-24
환율,또다시 ‘롤러코스피’…3% 상승한 8471 마감,2026-06-24 09:36:00,real_assets,2026-06-24
환율,“정말 드러누워서라도 말려야 했어”…하락 쇼크 더큰 삼전닉스 ‘나락 베팅’,2026-06-24 08:27:20,real_assets,2026-06-24
환율,“자세히 보니 몇백원씩 다 올랐네”…편의점 인기품목 줄줄이 가격인상,2026-06-24 05:57:48,real_assets,2026-06-24
환율,"아이콘, 1분기 매출 20억3000만 달러..전년비 0.9% 증가",2026-06-24 05:24:04,real_assets,2026-06-24
환율,"“환율 1500원, IMF 또 오나?” … 1997년 변양호 보고서가 말한 진짜 위험",2026-06-24 04:00:00,real_assets,2026-06-24
환율,"선벨트 렌털스 홀딩스, 4분기 매출 27억5400만 달러..전년비 8.9% 증가",2026-06-23 20:08:20,real_assets,2026-06-23
환율,삼전보다 더 올랐다…앞으로 더 간다는 ‘제2의 반도체’ [플러스 관심종목],2026-06-23 19:44:33,real_assets,2026-06-23
환율,"자인 그룹, 1분기 순매출 57% 급감·적자 전환",2026-06-23 19:12:58,real_assets,2026-06-23
환율,[김선걸칼럼] 신기루 같은 지표가 쏟아질 때,2026-06-23 17:25:31,real_assets,2026-06-23
환율,"""사이다·반숙란 다 오른다"" 편의점 덮친 가격 인상 행렬",2026-06-23 17:07:12,real_assets,2026-06-23
환율,역대급 폭락 ‘검은 화요일’…코스피 10%·코스닥8%↓,2026-06-23 14:04:53,real_assets,2026-06-23
환율,"“백색가전, 이제 보너스 개념”...‘뜨거운 감자’ LG전자, 단숨에 목표가 2배 [오늘 나온 보고서]",2026-06-23 09:10:18,real_assets,2026-06-23
환율,삼전닉스 성과급·주가 상승 ‘더블효과’에…집값·임금 상승 기대도 높아,2026-06-23 08:33:19,real_assets,2026-06-23
환율,자영업자 3명 중 1명은 최저임금도 못 번다…60%는 고용여력 없어,2026-06-23 06:01:00,real_assets,2026-06-23
환율,삼전보다 더 올랐다 … 앞으로 더 간다는 ‘제2의 반도체’,2026-06-23 05:00:00,real_assets,2026-06-23
환율,목표 PER 12배 상향! 하반기 돋보일 백화점 ‘최선호주’는,2026-06-22 20:25:18,real_assets,2026-06-22
환율,“코스피만 가는줄 알았는데”…日닛케이지수 종가 7만2000 첫 돌파에 ‘들썩’,2026-06-22 19:01:43,real_assets,2026-06-22
환율,“이 불장에 운용사가 적자?”…10곳중 4곳은 고개 못든다는데,2026-06-22 19:00:00,real_assets,2026-06-22
환율,"국내 주식투자자 절반 ""올 코스피 1만 넘을것""",2026-06-22 17:46:15,real_assets,2026-06-22
환율,"모건스탠리 ""반도체發 수출 호황, 내년말까지 간다""",2026-06-22 17:46:14,real_assets,2026-06-22
환율,"이찬진 ""삼전닉스 레버리지 ETF 막았어야""",2026-06-22 17:30:21,real_assets,2026-06-22
환율,"""쇠고기·밀 등 농산물도 수입 다변화해야""",2026-06-22 16:59:03,real_assets,2026-06-22
환율,코스피 또 사상 최고치…25년 만에 시총 1위 바뀌었다,2026-06-22 16:15:55,real_assets,2026-06-22
환율,“삼전닉스 돈잔치에 우린 죽어나갑니다”…고액 성과급에 물가 상승 ‘뻔한 수순’,2026-06-22 14:02:27,real_assets,2026-06-22
환율,“도와주지 못할거면 명확하게라도”…원청교섭 불확실성 키우는 노동위 [기자24시],2026-06-22 10:52:09,real_assets,2026-06-22
환율,"[속보] 6월 1∼20일 수출 620억달러, 60.4% 증가…일평균 49.7%↑",2026-06-22 09:11:02,real_assets,2026-06-22
환율,"“CJ제일제당, 비비고·햇반 판매 호조…예상보다 빠른 바이오 회복세”",2026-06-22 08:07:43,real_assets,2026-06-22
환율,"노동생산성은 평균도 안되는데…한국 세후 최저임금, G7 앞질렀다",2026-06-22 06:05:56,real_assets,2026-06-22
환율,"투자부동산 잘못 쓰면 회계위반…금감원, 중점심사 예고",2026-06-21 21:48:03,real_assets,2026-06-21
환율,"韓 세후 최저임금, G7 추월…노동생산성은 평균 밑돌아",2026-06-21 17:52:42,real_assets,2026-06-21
환율,[기자24시] 원청교섭 불확실성 키우는 노동위,2026-06-21 17:47:57,real_assets,2026-06-21
환율,“생산성 떨어지는데 또 올려달라고?”…‘최저임금’ 10년치 보고서 내민 경총,2026-06-21 14:26:12,real_assets,2026-06-21
환율,"“아들아, 계란 후라이 못해준다”…특란 10구, 5000원도 넘어섰다",2026-06-21 11:32:30,real_assets,2026-06-21
환율,"“비싸서 휴가도 길게 못가요”…5박 이상 ‘장기휴가’ 계획, 8.9% 그쳐",2026-06-21 10:53:09,real_assets,2026-06-21
환율,“이 회사 발표 기다리며 조마조마”…마이크론 실적 앞두고 ‘삼전닉스’ 시험대,2026-06-21 06:10:22,real_assets,2026-06-21
환율,“인턴이 정직원보다 많이 받는다”…승무원 월급 공개한 ‘환연4’ 박현지,2026-06-20 10:05:59,real_assets,2026-06-20
환율,폐장도 규칙도 없는 금융 온다 … 한국에 필요한건 상상력,2026-06-20 06:00:00,real_assets,2026-06-20
환율,“이란은 웃으며 빠져나왔는데” … UAE 표정 굳게 만든 ‘종전 계산서’,2026-06-20 04:00:00,real_assets,2026-06-20
환율,"“물 한 바가지 아끼려다 더 큰 곤경”…이 대통령, ‘물가 안정 총력전’ 주문",2026-06-19 21:02:27,real_assets,2026-06-19
환율,정부 환율대책 ‘약발’이 안 먹히는 까닭 [고환율 긴급 점검],2026-06-19 17:28:04,real_assets,2026-06-19
환율,매출 늘었는데 이익 감소?…공급망 점검해야 [글로벌 K뷰티 콘퍼런스],2026-06-19 10:28:00,real_assets,2026-06-19
환율,"정점식 “코스피 9000, 기쁨보단 박탈감…경제정책 전면 전환해야”",2026-06-19 10:11:01,real_assets,2026-06-19
환율,정부 환율대책 ‘약발’이 안 먹히는 까닭,2026-06-19 05:00:00,real_assets,2026-06-19
환율,달러 비싸 미국 주식 못 산다고?…환율 1500원시대 달라진 투자셈법 [데이터로 읽는 자산시장],2026-06-18 20:13:35,real_assets,2026-06-18
환율,대전 트램 또 지연된다… 시민 피로감 극심,2026-06-18 14:29:43,real_assets,2026-06-18
환율,“로봇 공장 8월부터 본격 가동”…현대차·기아 하반기 랠리 예고 [오늘 나온 보고서],2026-06-18 09:07:28,real_assets,2026-06-18
환율,“프장서 돈벌고 기분좋게 하루 시작”…장외거래 비중 45% 넘었다,2026-06-18 06:23:41,real_assets,2026-06-18
환율,스페이스X ‘0주’ 배정 후폭풍…제도개선 목소리에 당국 “제반사정 볼 것”,2026-06-18 00:02:53,real_assets,2026-06-18
환율,"800억 회사채 발행 세아제강,수요예측서 2400억 확보",2026-06-17 18:15:55,real_assets,2026-06-17
환율,삼전닉스 美증시 연동에…NXT 장전·후 거래 쑥,2026-06-17 18:04:28,real_assets,2026-06-17
환율,"한은 ""유가 진정돼도 하반기 물가 3% 안팎""",2026-06-17 17:56:15,real_assets,2026-06-17
환율,전쟁 끝나도 물가 3% 경고한 한은…정부 돈풀기도 신중해야 [사설],2026-06-17 17:48:19,real_assets,2026-06-17
환율,"MSCI 선진국 편입 임박?…“韓, 관찰대상국 등재 가능성 높아”",2026-06-17 17:07:29,real_assets,2026-06-17
환율,CEO가 움직여야 수익성 극대화 … 운영 혁신이 경쟁력 좌우,2026-06-17 16:13:08,real_assets,2026-06-17
환율,"한은 총재 “단기 유가 하락에 홀리지 말고, 경제 자체를 봐야”",2026-06-17 16:11:10,real_assets,2026-06-17
환율,증시 변동성 경고등 켠 금감원…“빚투·레버리지 투자 피해 우려”,2026-06-17 14:59:27,real_assets,2026-06-17
환율,“금리 올리면 제 주식은요?” 금융사 면접 단골 질문의 정답은 [경제교육 현장르포],2026-06-17 14:46:13,real_assets,2026-06-17
환율,[속보] 한은 “하반기 물가상승률 3% 내외…내년에도 2% 상회”,2026-06-17 14:12:21,real_assets,2026-06-17
환율,"“MSCI 편입, 다들 호재라 믿지만”…외국인 자금 오히려 8조 빠진다는데",2026-06-17 09:25:59,real_assets,2026-06-17
환율,"“단 하루만에 한 주식에 1.2조 질렀다”…서학개미, 스페이스X에 ‘역대급 베팅’",2026-06-17 09:11:43,real_assets,2026-06-17
환율,"""금리 오르고 환율도 안정""…금융株 신고가",2026-06-16 17:48:14,real_assets,2026-06-16
환율,“이번 FOMC서 금리인하 언급 사라질 것 … 연내 인상 가능성 커져”,2026-06-16 16:19:07,real_assets,2026-06-16
환율,"칩플레이션 직격탄 맞은 셋톱박스…KT, 협력사에 145억 긴급 지원",2026-06-16 15:17:24,real_assets,2026-06-16
환율,중동 전쟁 끝났지만…고환율·호르무즈 변수에 식음료업계 ‘한숨’,2026-06-16 11:32:01,real_assets,2026-06-16
환율,신현송號 타고 달라지는 한은…‘물가안정·결제 혁신’ 집중,2026-06-16 10:58:12,real_assets,2026-06-16
환율,"화우-한경협 ‘전환기 대한민국, 기업의 과제와 기회’ 세미나 개최",2026-06-16 10:38:10,real_assets,2026-06-16
환율,“삼전닉스 매도버튼 손 떼세요”…금리소음 잦아들면 진가 나온다는데 [오늘 나온 보고서],2026-06-16 08:54:33,real_assets,2026-06-16
환율,"하이 타이드, 1분기 매출 1억7929만 달러..전년비 30% 증가",2026-06-16 05:04:55,real_assets,2026-06-16
환율,"USA 레어 어스, 1분기 매출 6286만 달러·순손실 7434만 달러 기록",2026-06-15 19:44:02,real_assets,2026-06-15
환율,민주 38% < 국힘 44.3%… 李정부서 지지율 첫 역전,2026-06-15 17:55:27,real_assets,2026-06-15
환율,'나프타 대란' 정상화까진 3개월,2026-06-15 17:48:27,real_assets,2026-06-15
환율,"""유가 하락에도 高물가 불안 지속""… 韓성장률은 소폭 오를듯",2026-06-15 17:48:26,real_assets,2026-06-15
환율,이란 전쟁 종전 합의했지만 '에너지 안보' 큰 숙제 남겼다 [사설],2026-06-15 17:09:54,real_assets,2026-06-15
환율,중동발 불확실성에 짓눌린 패션업계…미·이란 평화협상에 ‘기대감’,2026-06-15 15:46:24,real_assets,2026-06-15
환율,국민의힘 44.3%>민주 38%…지선 책임론·부실 선거관리에 지지율 역전,2026-06-15 15:01:26,real_assets,2026-06-15
환율,李 대통령 국정 지지도 51.5%…한 달 새 9%p↓,2026-06-15 11:18:29,real_assets,2026-06-15
환율,[속보] 李 대통령 지지율 4주째 하락…국힘 44.3%·민주 38.0% [리얼미터],2026-06-15 08:00:56,real_assets,2026-06-15
환율,68억 복권 당첨됐는데 “꽝입니다”…손님 속인 악덕업주 징역형,2026-06-14 18:50:00,real_assets,2026-06-14
환율,"李, 정청래에 간접경고 … 靑참모진도 ""당 쪼개자는거냐"" 부글",2026-06-14 17:50:59,real_assets,2026-06-14
환율,국제유가 안정에 기름값 4주 연속 하락,2026-06-14 16:29:00,real_assets,2026-06-14
환율,"원화 약세 대한민국, 외국인들의 ‘쇼핑 천국’ 되다",2026-06-14 16:20:22,real_assets,2026-06-14
환율,"""ESG 금융, 에너지 산업에 초점 … 기업 해외진출 동반자 될것""",2026-06-14 16:14:16,real_assets,2026-06-14
환율,"우리은행, 관광객 환전·결제 넘어 공연장까지 … 'NOL 동맹' 무한확장",2026-06-14 16:11:29,real_assets,2026-06-14
환율,“공급 늘리라는데 당장 못 지어요”…서울 인허가·착공 ‘반 토막’,2026-06-14 16:06:18,real_assets,2026-06-14
환율,에이피알 또 최고 실적…콜마 코스맥스도 ‘好好’,2026-06-14 12:00:27,real_assets,2026-06-14
환율,"“가득이요” 자신있게 외치세요, 제가 깎아드릴게…주유 할인카드 다시 뜬다 [머니앤리치]",2026-06-13 19:04:16,real_assets,2026-06-13
환율,"투표지 부족사태 파문에 … 李, 순방중 영상회의 연다",2026-06-12 23:36:15,real_assets,2026-06-12
환율,"코스피 거래대금 4배 폭증…증권사, 한 분기 만에 작년 순익 절반 벌어",2026-06-12 22:00:33,real_assets,2026-06-12
환율,"노아 홀딩스, 주당 0.933위안 최종배당·특별배당 각각 승인",2026-06-12 19:14:48,real_assets,2026-06-12
환율,고환율에 인기 끈 달러보험… 금감원 자제령에 판매 축소,2026-06-12 18:02:37,real_assets,2026-06-12
환율,"증권사, 1분기에 작년 전체순익 절반 벌었다",2026-06-12 17:53:09,real_assets,2026-06-12
환율,노무라證 “반도체 사이클 이제 시작…방산·車도 증시 주도”,2026-06-12 16:04:54,real_assets,2026-06-12
환율,한은 총재 “늦지 않게 금리 인상”…부동산·빚투 경고,2026-06-12 16:01:18,real_assets,2026-06-12
환율,코치백의 귀환…Z세대가 만든 역주행 [미장 보석주],2026-06-12 15:17:17,real_assets,2026-06-12
환율,롤러코스피 증시…올라탈까 내릴까,2026-06-12 15:15:55,real_assets,2026-06-12
환율,코스피 1만1000 간다는 노무라...“반도체 슈퍼사이클 이제 막 시작됐다”,2026-06-12 14:50:06,real_assets,2026-06-12
환율,"“빈곤 아동만 450만명, 무료 아침급식 긴급 도입”…다시 드리운 ‘영국병’ 그림자 [기자24시]",2026-06-12 14:23:54,real_assets,2026-06-12
환율,관광객은 돌아왔는데...‘고환율’에 우는 면세 업계,2026-06-12 14:15:43,real_assets,2026-06-12
환율,[속보] 李대통령 지지율 57%로 하락…선관위 사태 여파,2026-06-12 10:24:54,real_assets,2026-06-12
환율,이 대통령 지지율 57%…‘투표용지 부족 사태’ 속 7%p 하락 [한국갤럽],2026-06-12 10:10:13,real_assets,2026-06-12
환율,[속보] 한은 총재 “집값 상승 기대 높아졌다…늦지 않게 금리 인상”,2026-06-12 10:05:46,real_assets,2026-06-12
환율,"“KB금융, 홍콩 ELS 악재 걷히고 실적은 역대 최대 예상”…목표가↑",2026-06-12 08:27:54,real_assets,2026-06-12
환율,"‘샀다, 팔았다’ 개미들 덕분에 돈방석 앉은 증권사...1분기 순익 4.3조 ‘사상최대’",2026-06-12 07:35:25,real_assets,2026-06-12
환율,"어도비, 2026회계연도 2Q 매출 66억달러..전년비 13%↑",2026-06-12 05:10:48,real_assets,2026-06-12
환율,외국계 은행 ‘환율 투기’ 있었나…1분기 외환파생거래 28% 급증,2026-06-11 22:28:31,real_assets,2026-06-11
환율,"은행 외환파생거래 늘자 … 당국 ""투기성 살필 것""",2026-06-11 17:53:45,real_assets,2026-06-11
환율,"“달러 좀 풀어달라”…정부, 삼성전자·현대차 등에 ‘SOS’",2026-06-11 17:12:02,real_assets,2026-06-11
환율,[기자24시] 영국 아이들의 빈 밥그릇,2026-06-11 17:00:41,real_assets,2026-06-11
환율,"""기름값 리터당 2천원시대 왔다"" … 카드사들 주유·교통 혜택 연장",2026-06-11 16:03:26,real_assets,2026-06-11
환율,수출입은행 “대외경제협력기금 사업 정보 투명히 공개”,2026-06-11 14:17:32,real_assets,2026-06-11
환율,"금감원, 증권사 해외투자 마케팅 정조준…“환위험·쏠림투자 관리하라”",2026-06-11 14:12:49,real_assets,2026-06-11
환율,내일밤 스페이스X 상장이다…미래에셋증권 집중 매집 [주식 초고수는 지금],2026-06-11 11:30:27,real_assets,2026-06-11
환율,2660조 몸값 ‘스페이스X’ 거품 논란에 ‘시끌시끌’,2026-06-11 11:26:29,real_assets,2026-06-11
환율,“애들 학원 한달만 쉬게 할까?”…주담대 8%·마통 7% 눈앞에 영끌족 ‘한숨’,2026-06-11 09:30:48,real_assets,2026-06-11
환율,14년만에 외국환은행 고강도 검사…환율안정 시그널 넘어 ‘액션’,2026-06-10 22:16:31,real_assets,2026-06-10
환율,[단독] “놔두면 환율 우주 따라갈 판”…스페이스X 기관청약 제한건다,2026-06-10 19:45:49,real_assets,2026-06-10
환율,"""스페이스X發 달러 유출 막아라"" 기관청약 신청 물량 30%로 제한",2026-06-10 17:50:50,real_assets,2026-06-10
환율,정부 '환율 방어' 총력 … 국정원도 단속 나서,2026-06-10 17:50:50,real_assets,2026-06-10
환율,[노원명칼럼] 코리아 피크아웃,2026-06-10 17:27:14,real_assets,2026-06-10
환율,폭락장 속 나홀로 상승세 ‘이 종목’ 산다 [주식 초고수는 지금],2026-06-10 15:22:45,real_assets,2026-06-10
환율,"“하이닉스, 미국 ADR 8월 상장 전망”…증권가, 주가 재평가 기대감",2026-06-10 14:44:40,real_assets,2026-06-10
환율,‘롤러코스터 장세’ 연출한 코스피…4.5% 내린 7730선 마감,2026-06-10 13:42:26,real_assets,2026-06-10
환율,3분기 100조원 번다는 삼전 샀지만…하이닉스는 팔아 [주식 초고수는 지금],2026-06-10 11:25:41,real_assets,2026-06-10
환율,‘고환율 잡겠다’ 칼 빼든 당국…외국계 은행 검사 나선다,2026-06-10 10:43:26,real_assets,2026-06-10
환율,급락이 기회?…코스피 롤러코스터에 마통 잔액 이틀새 6000억↑,2026-06-10 10:42:45,real_assets,2026-06-10
환율,"“이러다 큰일날라”…‘포모’ 휩싸였던 개미, 6% 마통 뚫어 ‘빚투’",2026-06-10 09:31:06,real_assets,2026-06-10
환율,"“코스피 급락 땡큐, 은행빚 땡겨서 풀매수”…이틀간 마통 6천억 늘었다",2026-06-10 08:48:56,real_assets,2026-06-10
환율,10% 성장률인데 왜 힘들까 … 물가위주 성장으로 양극화 더 커져,2026-06-10 05:00:00,real_assets,2026-06-10
환율,"“검은 월요일 버티니, 빨간 화요일 오셨네”…다 웃은건 아니라는데",2026-06-09 18:57:23,real_assets,2026-06-09
환율,“韓성장률 이정도일줄은” 한은도 시장도 놀랐다…얼마나 뛰었길래,2026-06-09 18:55:02,real_assets,2026-06-09
환율,수출 5.9% 늘 때…소비 0.6% 더딘 회복,2026-06-09 17:53:27,real_assets,2026-06-09
환율,“급락은 기술적 조정일 뿐”…골드만삭스의 코스피 낙관론,2026-06-09 17:10:10,real_assets,2026-06-09
환율,"“다보스가 경고한 지경학 리스크”…경과원, 판다포럼서 中企 대응 전략 논의",2026-06-09 16:57:57,real_assets,2026-06-09
환율,이장우 대전시장 “트램 사업비 증액 우려”,2026-06-09 16:42:09,real_assets,2026-06-09
환율,"“이틀만 버티면 됐는데, 손 쓸 틈없이 강제처분”…반대매매 32개월만에 최대",2026-06-09 15:59:59,real_assets,2026-06-09
환율,금 투자의 성공 방식 [환율·금리·지정학 리스크 분석과 투자방식],2026-06-09 15:56:55,real_assets,2026-06-09
환율,"‘롤러코스터’ 코스피, 8% 급등 8000선 회복...코스닥도 6% 상승",2026-06-09 15:54:02,real_assets,2026-06-09
환율,또 다시 ‘롤러코스피’…8% 급등하며 8096 마감,2026-06-09 13:34:04,real_assets,2026-06-09
환율,“美반도체 덕에 한 숨 돌리겠네”…프리마켓서 31만전자·206만닉스 회복,2026-06-09 08:26:30,real_assets,2026-06-09
환율,성과급 분쟁의 본질: 무엇이 공정한 잣대인가 [광장 노동산책],2026-06-09 07:00:00,real_assets,2026-06-09
환율,"허벨, 19억 달러 선순위 채권 발행..NSI Electrical 인수자금 조달",2026-06-09 05:15:42,real_assets,2026-06-09
환율,"폴리라이즌, 7월 정기주총 개최..이사 재선임·보상정책 개정 안건 상정",2026-06-09 05:01:50,real_assets,2026-06-09
환율,"케이이 홀딩스, 자사주 72만주 추가 매입..총 1억5862만주 보유",2026-06-08 19:11:44,real_assets,2026-06-08
환율,'투표용지 부족사태' 후폭풍…민주 41.8% vs 국힘 41.1%,2026-06-08 18:03:39,real_assets,2026-06-08
환율,"""코스피 조정은 리밸런싱 때문 … 아직 저평가""",2026-06-08 18:00:29,real_assets,2026-06-08
환율,스페이스X 공모주…미래에셋 2차도 완판,2026-06-08 17:53:25,real_assets,2026-06-08
환율,채권시장도 살얼음판 … 韓국고채 3년물 금리 4% 육박,2026-06-08 17:48:48,real_assets,2026-06-08
환율,외환당국·국민연금 합동작전…원화값 '불안한 방어',2026-06-08 17:48:40,real_assets,2026-06-08
환율,빌려줄 곳 없고 연체율은 급증…'기업대출 이중고' 겪는 지방銀,2026-06-08 17:45:41,real_assets,2026-06-08
환율,"코스피 7500 붕괴, 1600원 향하는 환율 … 안전벨트 조일 때 [사설]",2026-06-08 17:32:57,real_assets,2026-06-08
환율,“1600원 눈앞” 환율 폭탄 쏟아지는데…속으로 ‘웃는’ 기업도 있어?,2026-06-08 17:10:19,real_assets,2026-06-08
환율,“이번 여름이 마지막 엔저? 일단 잡고 보자”…일본행 예약 70% 폭증,2026-06-08 14:25:22,real_assets,2026-06-08
환율,이 대통령 “주가는 출렁출렁하는 것…아직도 약간 저평가됐다고 생각”,2026-06-08 12:02:42,real_assets,2026-06-08
환율,[속보] 외환당국 “과도한 변동성·일방향 쏠림에 강력 대응”,2026-06-08 11:52:43,real_assets,2026-06-08
환율,李 지지율 55.2%…‘투표용지 부족’ 논란 속 3주 연속 하락,2026-06-08 10:49:50,real_assets,2026-06-08
환율,"“선거, 민주당 이긴 거 맞지?”…黨지지도 민주 41.8%·국힘 41.1%",2026-06-08 10:12:03,real_assets,2026-06-08
환율,‘검은 월요일’ 현실화…코스피 8%대 급락에 7500선 내줘,2026-06-08 09:38:47,real_assets,2026-06-08
환율,이제는 미국이 석유 더 시추해야할때…국내 강관업계 하반기 실적 ‘기대감’,2026-06-08 09:20:18,real_assets,2026-06-08
환율,천장 뚫은 환율에…구두개입 나선 외환당국,2026-06-08 09:12:59,real_assets,2026-06-08
환율,“이 환율에 무슨 직구를 해요”…해외직구 급감에 배송대행업체도 ‘울상’,2026-06-08 09:10:28,real_assets,2026-06-08
환율,"[속보] ‘블랙먼데이’ 코스피, 8%대 급락…8000선 무너져",2026-06-08 09:06:46,real_assets,2026-06-08
환율,"“이번주 주식창, 나는 안볼란다”…고환율·스페이스X 상장·네 마녀의 날 겹쳐",2026-06-08 08:37:09,real_assets,2026-06-08
환율,"“연일 시퍼런 장, 절반은 이것 때문?”…국민연금도 기다린다는 초대형 IPO",2026-06-08 06:25:02,real_assets,2026-06-08
환율,코스피 서킷브레이커까지 발동 … AI·금리 충격에 한국 증시 급랭,2026-06-08 04:00:00,real_assets,2026-06-08
환율,고물가에 허리 휘는데 불티나게 팔리는 명품...백화점만 웃는 3가지 이유,2026-06-07 20:59:12,real_assets,2026-06-07
환율,"경제단체들, 20년 만의 여성 총리 두고 환영...“민생 경제 회복 힘써달라”",2026-06-07 20:26:14,real_assets,2026-06-07
환율,"“현장 중시 실전형 리더” 벤처·중기·소상공인 업계, 일제히 환영 메시지",2026-06-07 18:02:15,real_assets,2026-06-07
환율,"""8천피·원화값 1550원 가보지 않은 낯선 과제""",2026-06-07 18:00:17,real_assets,2026-06-07
환율,"원화값 1560원까지 밀리자 … 정부 ""투기거래 용인 않겠다""",2026-06-07 18:00:16,real_assets,2026-06-07
환율,주담대 금리 상단은 이미 7%대 … 가계 이자부담 더 커진다,2026-06-07 17:49:24,real_assets,2026-06-07
환율,"""수출대금 달러로"" 조선·방산 웃고… ""외화부채 많아서"" 항공·정유 울고",2026-06-07 17:46:47,real_assets,2026-06-07
환율,"유학생 부모도 비상 ""귀국시켜 군대 보내야 하나""",2026-06-07 17:46:46,real_assets,2026-06-07
환율,"“2670조 스페이스X 상장, 어디서 사냐고요?”…우주 ETF 3종 투자법 [이번주 찜할 ETF]",2026-06-07 17:46:28,real_assets,2026-06-07
환율,수출·서학개미 호재에…달러예금 다시 '쑥',2026-06-07 17:41:08,real_assets,2026-06-07
환율,"스페이스X 역대급 상장 임박 …""우주 ETF 올라타세요""",2026-06-07 17:18:44,real_assets,2026-06-07
국제유가,"이란, 또 화물선 공격했다…호르무즈 해협, 또 다시 봉쇄 기로",2026.06.26 21:36,real_assets,2026-06-26
국제유가,"[속보] “드디어 내린다”…석유 최고가, 150원 전격 인하 ‘ 1800원대로’",2026.06.26 19:05,real_assets,2026-06-26
국제유가,호르무즈 다시 닫히나,2026.06.26 17:19,real_assets,2026-06-26
국제유가,"“차라리 반도체 주식 살걸”…비트코인, 9000만원도 위태",2026.06.26 16:03,real_assets,2026-06-26
국제유가,구윤철 “석유최고가격 인하…석유류 가격 안정까지 유지”,2026.06.26 13:43,real_assets,2026-06-26
국제유가,메모리 가격 부담에 기술주 약세...혼조 마감 [뉴욕증시],2026.06.26 09:34,real_assets,2026-06-26
국제유가,美 물가지수 4% 돌파 … 금리인상 가능성 커지나,2026.06.25 23:09,real_assets,2026-06-25
국제유가,[속보] 美 5월 PCE 물가 전년대비 4.1%↑…최근 유가하락 미반영,2026.06.25 21:58,real_assets,2026-06-25
국제유가,유가는 급락했는데…공급망 회복은 ‘산 넘어 산’,2026.06.25 15:58,real_assets,2026-06-25
국제유가,1만2000원 vs 동결…최저임금 ‘1680원’ 격차 좁혀질까,2026.06.25 14:13,real_assets,2026-06-25
국제유가,"“주유소 기름값은 언제 떨어지나”…WTI 한때 70달러 붕괴, 전쟁 이전 수준으로",2026.06.25 11:33,real_assets,2026-06-25
국제유가,키신저 재소환한 미국 … 이란과 합의한 건 ‘평화’가 아니다,2026.06.25 05:00,real_assets,2026-06-25
국제유가,"감산 안하고 버티는 석화업계 …""정부가 '죄수의 딜레마' 풀어야""",2026.06.24 17:55,real_assets,2026-06-24
국제유가,“분양가 더 뛸 일만 남았네”…건설공사비 4년 만에 최대 폭등,2026-06-24 10:34:38,real_assets,2026-06-24
국제유가,“반도체만 보고 경기 살아난 줄 착각”…기업 경기전망 4개월째 기준선 밑돌아,2026-06-24 09:10:32,real_assets,2026-06-24
국제유가,반도체주 매도세에 동반 하락…나스닥 2.2%↓[뉴욕증시],2026-06-24 09:00:33,real_assets,2026-06-24
국제유가,"페덱스, 4분기 매출액 250억 달러..전년비 13% 증가",2026-06-24 05:09:42,real_assets,2026-06-24
국제유가,“2022년 9월 이후 최대 낙폭”…파랗게 질린 러시아 증시,2026-06-23 19:31:10,real_assets,2026-06-23
국제유가,반도체 극한 쏠림의 결말? … 닷컴버블 돌아보면 미래가 보인다,2026-06-23 15:06:28,real_assets,2026-06-23
국제유가,중동 불안에 공사비 다시 꿈틀…분양가 더 오르나,2026-06-23 10:29:18,real_assets,2026-06-23
국제유가,"""주유소 공급 가격 투명하게"" SK에너지 사전고지제 도입",2026-06-22 17:42:48,real_assets,2026-06-22
국제유가,“유가 떨어졌으니 이제 분양가도 내리나요?”…‘기대감’ 바로 갖진 말라는데,2026-06-22 15:34:03,real_assets,2026-06-22
국제유가,"첫 40%대 지지율 李 대통령…“한국, 정치·경제·문화 등 세계 선도”",2026-06-22 10:05:40,real_assets,2026-06-22
국제유가,“널뛰는 기름값 짜증나서 그만 타려고요”…14억 인구대국도 전기차 열풍,2026-06-21 09:37:17,real_assets,2026-06-21
국제유가,“국제유가 30% 떨어졌다는데 기름값 왜이래”…체감 인하 ‘깜깜’,2026-06-21 08:56:11,real_assets,2026-06-21
국제유가,주유소 기름값 5주 연속 하락…전국 평균 휘발윳값 2009원대,2026-06-20 09:06:52,real_assets,2026-06-20
국제유가,"유가 90일來 최저로 하락 ""생산량은 10월 돼야 회복""",2026-06-19 17:50:33,real_assets,2026-06-19
국제유가,석유 최고가격제 언제까지?…속 끓는 정유업계,2026-06-19 16:24:34,real_assets,2026-06-19
국제유가,유럽·일본 이어 미국까지…금리 ‘매파의 시대’ 오나,2026-06-19 15:01:42,real_assets,2026-06-19
국제유가,“불 붙은 증시가 물가까지 끌어올렸다”…5월 생산자물가 9개월째 상승,2026-06-19 08:53:15,real_assets,2026-06-19
국제유가,"“통합 대한항공, 출범 기일 확정에 기대가치 쑥”…목표가↑",2026-06-19 08:21:43,real_assets,2026-06-19
국제유가,"인도네시아 에너지, 크루 블록 첫 우물 시추 착수..6월 말 본격 가동",2026-06-19 05:08:59,real_assets,2026-06-19
국제유가,“언제쯤 100만원 회복할까”…금리 인상 신호에 지지부진 금값,2026-06-18 21:29:53,real_assets,2026-06-18
국제유가,석유최고가 일단 유지…정유사 손실보전 착수,2026-06-18 17:58:01,real_assets,2026-06-18
국제유가,"워시 ""인플레 고통 없애겠다"" … 시장예상 깨고 '매파 본색'",2026-06-18 17:52:28,real_assets,2026-06-18
국제유가,"예상밖 물가 안정에 … 영란은행, 금리동결 '유력'",2026-06-18 17:41:26,real_assets,2026-06-18
국제유가,"석유 최고가격제 손실 지원, 혈세 투입 성과 제대로 따져야 [사설]",2026-06-18 17:25:46,real_assets,2026-06-18
국제유가,호르무즈 개방에 표정 다른 정유·석유화학 업계…정유는 웃고 석화는 울고,2026-06-18 14:31:54,real_assets,2026-06-18
국제유가,롤러코스터 장세 이제 끝?…증권가 “1만피 간다”,2026-06-18 10:58:46,real_assets,2026-06-18
국제유가,인하서 인상으로 바뀐 연준…워시 “물가안정 의지 강력” [월가월부],2026-06-18 05:36:38,real_assets,2026-06-18
국제유가,"[속보] 워시 연준 금리 동결...석달전엔 인하, 이젠 인상 예고",2026-06-18 03:12:48,real_assets,2026-06-18
국제유가,[속보] 연준 4연속 금리동결...케빈 워시 데뷔서 만장일치,2026-06-18 03:01:37,real_assets,2026-06-18
국제유가,"[속보] 靑 “트럼프, 한반도 문제 진전 위해 역할 하겠단 의지 표명”",2026-06-17 20:34:32,real_assets,2026-06-17
국제유가,"“전쟁 끝, 1만피 도전 시작”…종전 이후 판 바뀌는 투자 지도 [美-이란 종전 진단]",2026-06-17 20:17:03,real_assets,2026-06-17
국제유가,엑손모빌→애플→엔비디아…세계 시총 1위 이제 우주서 나온다[지정학에서 찾는 투자기회],2026-06-17 20:16:52,real_assets,2026-06-17
국제유가,핵동결·이스라엘·레바논 … 종전 후 투자자가 챙겨 볼 세가지,2026-06-17 18:38:14,real_assets,2026-06-17
국제유가,한은 총재 “물가 높은 수준 오름세…적극 대응할 것”,2026-06-17 15:04:18,real_assets,2026-06-17
국제유가,"“전쟁 끝, 1만피 도전 시작” … 종전 이후 판 바뀌는 투자 지도",2026-06-17 14:51:52,real_assets,2026-06-17
국제유가,중동발 유가 쇼크 정말 끝날까…국제유가 하루 만에 5% 넘게 떨어져,2026-06-17 08:51:26,real_assets,2026-06-17
국제유가,엑손모빌→애플→엔비디아 … 세계시총 1위 이제 우주서 나온다,2026-06-17 04:00:00,real_assets,2026-06-17
국제유가,"""전쟁 끝나니 좋네"" 7월 유류할증료 20% 인하",2026-06-16 17:56:06,real_assets,2026-06-16
국제유가,초저금리 시대 끝내는 일본 … ‘엔캐리 청산’이 기우인 까닭,2026-06-16 15:27:58,real_assets,2026-06-16
국제유가,“이제 기름값 내리나”…미·이란 종전 합의에 국제유가 3개월만 최저,2026-06-16 06:25:53,real_assets,2026-06-16
국제유가,[뉴스&분석] 개전 106일만에 … 美·이란 '미완의 종전',2026-06-15 17:52:10,real_assets,2026-06-15
국제유가,석유 최고가격제는 당분간 유지,2026-06-15 17:48:27,real_assets,2026-06-15
국제유가,인플레 우려 여전 … 각국 통화정책 '딜레마',2026-06-15 17:42:47,real_assets,2026-06-15
국제유가,"38일 교전, 68일 휴전 … 美 ""거대한 분노"" 외치며 하메네이부터 제거",2026-06-15 17:31:51,real_assets,2026-06-15
국제유가,"한국전력공사, 괌 에너지 전환 이끈다…25년간 3조2천억 안정적 수익도 챙겨",2026-06-15 15:59:15,real_assets,2026-06-15
국제유가,"대한무역투자진흥공사, 중동전 장기화에 거래선 복구·대체시장 발굴",2026-06-15 15:59:04,real_assets,2026-06-15
국제유가,“FOMC 앞두고 전쟁 끝”…주목할 수혜주·피해주는?,2026-06-15 14:57:04,real_assets,2026-06-15
국제유가,"검찰, HD현대오일뱅크 임직원 2명 구속영장 청구…‘이란전쟁 틈타 계획적 담합",2026-06-15 10:59:12,real_assets,2026-06-15
국제유가,미국-이란 종전 소식에 유가 ‘뚝’…국내 항공주도 장 초반 강세 [매경 자이앤트],2026-06-15 09:43:10,real_assets,2026-06-15
국제유가,‘양날의 검’ 레버리지 ... 투자 전 이것부터 반드시 확인해야,2026-06-15 04:00:00,real_assets,2026-06-15
국제유가,"“여름휴가, 제값 주고 가면 바보?”…항공권 할인받는 카드 꿀팁은",2026-06-14 15:30:49,real_assets,2026-06-14
국제유가,"“기름값 얼마나 한다고, 마음껏 밟아”…다시 뜨는 경차의 이유있는 자신감 [Car]",2026-06-13 17:13:51,real_assets,2026-06-13
국제유가,종전 기대에 스페이스X 흥행까지…뉴욕증시 동반 상승,2026-06-13 09:52:30,real_assets,2026-06-13
국제유가,“주유비 좀 줄겠네”…휘발유·경유값 4주 연속 하락,2026-06-13 09:40:44,real_assets,2026-06-13
국제유가,“브렌트유 3%대 하락”…이란전쟁 종전 기대감에 유가 하락세,2026-06-13 09:12:04,real_assets,2026-06-13
국제유가,“작년 1월이랑 똑같다”…이란전에 16개월 임금상승분 사라진 미국,2026-06-12 17:26:34,real_assets,2026-06-12
국제유가,주담대 금리 8%·마통 7% 눈앞…영끌·빚투족 비상 [호모 집피엔스],2026-06-12 15:46:34,real_assets,2026-06-12
국제유가,안전자산 금의 굴욕…스페이스X·오픈AI에 밀렸다,2026-06-12 14:08:26,real_assets,2026-06-12
국제유가,나없으면 반도체 수출 어쩔…뛰는 유가 위에 나는 대한항공,2026-06-12 09:36:26,real_assets,2026-06-12
국제유가,트럼프 “이란과 종전 임박”…뉴욕증시 환호 [뉴욕증시],2026-06-12 09:09:15,real_assets,2026-06-12
국제유가,이번엔 진짜하나...종전 기대감에 美증시 급등[월가월부],2026-06-12 05:45:29,real_assets,2026-06-12
국제유가,[속보] 미국 5월 도매물가 전년대비 6.5%↑…2022년 11월 이후 최대,2026-06-11 21:38:23,real_assets,2026-06-11
국제유가,"[속보] ECB, 3년만에 금리 인상…예금금리 0.25％p↑",2026-06-11 21:20:03,real_assets,2026-06-11
국제유가,지정학 리스크에 물가 쇼크까지…뉴욕증시 일제히 ‘뚝’ [뉴욕증시],2026-06-11 09:05:02,real_assets,2026-06-11
국제유가,"“유가 치솟지 않은 이유는”…트럼프, 호르무즈 비밀작전 공개",2026-06-11 06:25:32,real_assets,2026-06-11
국제유가,"'AI 초과이익' 분배 꺼낸 李 … ""어떤 정책으로 다룰지 고민""",2026-06-10 17:51:37,real_assets,2026-06-10
국제유가,기술주 조정에 널뛰기 장세…나스닥 0.97%↓[뉴욕증시],2026-06-10 09:07:13,real_assets,2026-06-10
국제유가,"마이크론 10%, 반도체주 반등...美 증시 하락 만회 [월가월부]",2026-06-09 05:52:40,real_assets,2026-06-09
국제유가,“7000선 밑으론 안 가겠지만” … 코스피 반등 2가지 필수조건은,2026-06-09 04:00:00,real_assets,2026-06-09
국제유가,"FT “한국이 세계경제 승자, AI·반도체·방위산업 혜택”…문제는 중국",2026-06-08 20:35:35,real_assets,2026-06-08
국제유가,기름값 겁난다…소형차 질주본능 꿈틀,2026-06-08 16:05:23,real_assets,2026-06-08
국제유가,"세종시, 전기차 민간 보급 2차 사업 조기 추진",2026-06-08 10:31:49,real_assets,2026-06-08
원유,"키네틱 홀딩스, 30년 경력 에너지 전문가 크레이그 해리스 이사 선임",2026.06.26 05:30,real_assets,2026-06-26
원유,中이 못따라올 '스페셜티 화학'으로 체질개선 시급,2026.06.25 17:56,real_assets,2026-06-25
원유,인도에서 ‘내로남불’ 정쟁 소재된 ‘트럼프 애비뉴’,2026.06.25 11:14,real_assets,2026-06-25
원유,“트럼프 시대 역행하면 망합니다…한·일 함께 ‘脫중국’ 모색해야”,2026.06.25 06:01,real_assets,2026-06-25
원유,100년 된 정유 패러다임 바꿀까...“끓이지 말고 거름망에 걸러요”,2026.06.25 00:43,real_assets,2026-06-25
원유,"100년 된 정유 패러다임 바꿀까 ""끓이지 말고 거름망에 거르세요""",2026.06.25 00:00,real_assets,2026-06-25
원유,“AI 에이전트가 읽지 못하는 데이터 난무”...팰런티어가 ‘온톨로지’로 뚫은 AX의 벽,2026.06.24 16:09,real_assets,2026-06-24
원유,‘노량진 27억·장위 17억’…치솟는 서울 아파트 분양가,2026.06.24 14:01,real_assets,2026-06-24
원유,"트럼프 “이란과 공정 합의 노력 중…IAEA, 적당한 시기 현장 투입”",2026-06-24 08:51:58,real_assets,2026-06-24
원유,"그린랜드 에너지, 최대 130억 배럴 규모 북극 유전 탐사 본격화",2026-06-24 05:18:03,real_assets,2026-06-24
원유,"킴벨 로열티 파트너스, 퍼미안 분지 광물권 1억4590만 달러 인수",2026-06-23 22:18:05,real_assets,2026-06-23
원유,"임페리얼 오일, 자사주 2,417만주 재매입 프로그램 승인..31.8억 달러 규모",2026-06-23 21:03:12,real_assets,2026-06-23
원유,"김 총리 “한중, 한 단계 높은 교류 해야”…리창 “협력 확대 용의”",2026-06-23 19:47:48,real_assets,2026-06-23
원유,"CVR 에너지, 데인 누만 CFO를 신임 대표로 선임",2026-06-23 19:01:56,real_assets,2026-06-23
원유,"""이란은 IAEA 사찰 결정 안해 … 해협 수수료는 오만과 공동부과""",2026-06-23 17:57:06,real_assets,2026-06-23
원유,"스카이 쿼리, 네바다주 포어랜드 정유공장 7월 재가동..서부 공급망 핵심 자산화",2026-06-23 06:16:11,real_assets,2026-06-23
원유,"씨드릴, 자사주 매입 프로그램 연말까지 연장..2억8000만 달러 여력",2026-06-23 05:43:50,real_assets,2026-06-23
원유,"코스모스 에너지, 1분기 매출 3.5억 달러·손실 1.6억 달러..손실폭 29% 축소",2026-06-23 05:34:59,real_assets,2026-06-23
원유,"DHT 홀딩스, 2026년 주총서 신임 이사 선임·감사인 재선임 승인",2026-06-22 20:46:54,real_assets,2026-06-22
원유,"""호르무즈 재봉쇄 前 나가자"" 韓선박 22척 긴급탈출 시동",2026-06-22 17:43:14,real_assets,2026-06-22
원유,6월 누적수출 620억弗 “또 역대 최대”...반도체 한달새 16% 급증,2026-06-22 14:34:37,real_assets,2026-06-22
원유,이란 “스위스 협상서 호르무즈 안전통행 체계 마련키로”,2026-06-22 10:22:14,real_assets,2026-06-22
원유,"한국선박 2척, 호르무즈 탈출…그래도 아직 22척이 남아있다",2026-06-22 10:13:34,real_assets,2026-06-22
원유,개전 ‘60초’ 만에 이란 전쟁지휘부 초토화 … 전쟁 속도 바꾼 AI 참모,2026-06-20 05:00:00,real_assets,2026-06-20
원유,"“캐나다産 원유 도입 더 쉽게”···관세청, 앨버타주와 협력 강화",2026-06-19 16:47:05,real_assets,2026-06-19
원유,"오션팔, 사명 'SVRN, Inc.'로 변경..클래스 II 이사 2명 재선임",2026-06-19 06:27:45,real_assets,2026-06-19
원유,"비바코, 바켄 원유 공급계약 체결..연 1억1500만 달러 매출 확보",2026-06-19 06:09:24,real_assets,2026-06-19
원유,"페르미안 베이슨 로열티 트러스트, 6월 배당 단위당 0.025달러 발표",2026-06-18 23:53:14,real_assets,2026-06-18
원유,"‘호르무즈 통과’ 사우디 유조선, 울산으로도 온다…종전 MOU 체결 후 처음",2026-06-18 22:10:21,real_assets,2026-06-18
원유,핵동결·이스라엘·레바논…종전 후 투자자가 챙겨 볼 세가지 [美-이란 종전 진단],2026-06-18 20:14:38,real_assets,2026-06-18
원유,해빙으로 열린 물길 … 亞·유럽 최단거리로 연결,2026-06-18 17:29:30,real_assets,2026-06-18
원유,“단일종목 투자는 카지노”…‘TDF 원조’ 올스프링의 한국 증시 진단,2026-06-18 14:07:04,real_assets,2026-06-18
원유,“호르무즈만 열고 457조 받는다”…종전 MOU 공개에 ‘이란 완승론’,2026-06-18 12:55:00,real_assets,2026-06-18
원유,연준 연내 금리인상 시사에 비트코인 6.4만弗 하락 [매일코인],2026-06-18 10:12:03,real_assets,2026-06-18
원유,"백악관 당국자 “트럼프, 이란과의 종전 MOU 서명했다”<로이터>",2026-06-18 06:56:58,real_assets,2026-06-18
원유,"美 종전 MOU 전문 공개…‘호르무즈, 60일간만 통행료 면제’ 논란 예상",2026-06-18 06:55:28,real_assets,2026-06-18
원유,UAE “호르무즈 의존도 ‘0’ 추진…오만만 연안 항구 확충·신설”,2026-06-17 20:33:30,real_assets,2026-06-17
원유,"에코페트롤, S&P 신용등급 BB- 유지..안정적 전망 확인",2026-06-17 19:05:20,real_assets,2026-06-17
원유,호르무즈 다시 열려도 걱정…이란 기뢰 5000발 어딨나,2026-06-17 17:58:37,real_assets,2026-06-17
원유,러시아산 석유제재 꺼낸 트럼프 … 푸틴에 우크라전 종전협상 촉구,2026-06-17 17:57:01,real_assets,2026-06-17
원유,‘AI발 M&A 슈퍼사이클’…올해만 벌써 3900조 넘어,2026-06-17 10:29:47,real_assets,2026-06-17
원유,스페이스X 상장 3일만에 아마존 제쳤다...기술주 약세에 나스닥은 숨고르기 [월가월부],2026-06-17 06:34:52,real_assets,2026-06-17
원유,"李대통령 “방산 강국 韓, 캐나다 안보에 기여할 준비 돼 있어”",2026-06-17 04:39:30,real_assets,2026-06-17
원유,"에코페트롤, 브라질 자회사 공개매수 제안 일시 중단",2026-06-16 19:05:49,real_assets,2026-06-16
원유,다시 우크라의 시간 … EU 가입 협상 '시동',2026-06-16 17:42:41,real_assets,2026-06-16
원유,인플레이션 우려에 결국…기준금리 인상 단행한 日銀,2026-06-16 15:05:30,real_assets,2026-06-16
원유,비트코인 12일만에 1억원 회복 [매일코인],2026-06-16 11:32:24,real_assets,2026-06-16
원유,"“무너진 이란 인프라, 싹 뜯어고친다”…450조 시장, 국내 최대 수혜주는",2026-06-16 08:55:03,real_assets,2026-06-16
원유,"비바코, 1분기 매출 48% 감소한 1950만 달러..마진율은 29.4%로 개선",2026-06-16 06:27:41,real_assets,2026-06-16
원유,"씨드릴, 6억 달러 규모 2034년 만기 채권 발행..고금리 채권 조기상환",2026-06-15 20:58:55,real_assets,2026-06-15
원유,"호르무즈 열리지만 … 美 ""통행료 없을것""vs 이란 ""징수권 인정""",2026-06-15 17:31:50,real_assets,2026-06-15
원유,“미국 이란 호르무즈 즉각 개방·이란 핵무기 제조 포기 합의”,2026-06-14 21:13:23,real_assets,2026-06-14
원유,사방천지가 사막인데 모래 수입?…수백억 쓰고도 부족하다는데,2026-06-14 09:21:43,real_assets,2026-06-14
원유,"아듀로 클린 테크놀로지스, 공모주 발행으로 1564만 달러 자금 확보",2026-06-13 05:29:52,real_assets,2026-06-13
원유,"DHT 홀딩스, 한화오션과 VLCC 신조선 계약 체결.. 2028년 인도",2026-06-13 05:09:50,real_assets,2026-06-13
원유,"웨스턴 가스 파트너스, 브라조스 딜라웨어 II 16억 달러 인수 완료",2026-06-13 03:44:59,real_assets,2026-06-13
원유,"우드사이드 에너지 그룹, 브라우즈 지분 10.67% 취득..2.25억 달러 투자",2026-06-12 19:05:18,real_assets,2026-06-12
원유,천장 뚫린 글로벌 운임…K해운 실적개선 뱃고동,2026-06-12 18:02:53,real_assets,2026-06-12
원유,지옥에서 돌아왔다…태양광의 재발견 [스페셜 리포트],2026-06-12 11:27:07,real_assets,2026-06-12
원유,"연이틀 타격 먹혔나…파국 치닫던 미국 이란, 타결로 급선회한 이유",2026-06-12 07:56:48,real_assets,2026-06-12
원유,[속보] 트럼프 “오늘밤 이란 매우 강력히 타격…베네수처럼 석유 완전 장악”,2026-06-11 21:30:24,real_assets,2026-06-11
원유,"프레시디오 프로덕션, 3.5억 달러 ABS 재융자로 금리 1.84%p 인하",2026-06-11 19:03:59,real_assets,2026-06-11
원유,"HMM 이어 20일만 … 호르무즈 韓 LNG선, 두번째 탈출",2026-06-11 17:45:50,real_assets,2026-06-11
원유,봉쇄 뚫고 韓LNG선 추가 통항… 호르무즈 고립 선박 24척으로,2026-06-11 15:07:34,real_assets,2026-06-11
원유,"“열흘 만에 17조 어치를 사 갔네요”... K-반도체 수출, 역대급 폭증",2026-06-11 11:07:29,real_assets,2026-06-11
원유,"[美공시]Summit Midstream Corp, 화주 수요 증가 속에 추가적인 Double E 선박 확보 계약 체결 및 오픈 시즌 연장",2026-06-11 08:40:31,real_assets,2026-06-11
원유,“나는 인플레가 좋아”…美 소비자 물가 급등에 트럼프 보인 반응이,2026-06-11 06:52:20,real_assets,2026-06-11
원유,"서밋 미드스트림, 더블 E 파이프라인 용량 50% 확대..2.4Bcf/d로 증설",2026-06-11 06:08:10,real_assets,2026-06-11
원유,"퍼보 에너지, 사라 쥬엣 COO 승진 임명..지열 사업 확장 가속",2026-06-11 05:50:00,real_assets,2026-06-11
원유,"아듀로 클린 테크놀로지스, 워터타워리서치와 IR 계약 체결",2026-06-11 05:39:49,real_assets,2026-06-11
원유,"콤스톡 홀딩, 오클라호마에 대규모 AI 데이터센터 캠퍼스 개발 착수",2026-06-10 22:03:58,real_assets,2026-06-10
원유,호르무즈 빠져나온 HMM 원유선…3주 만에 울산 도착,2026-06-10 21:57:58,real_assets,2026-06-10
원유,"HD현대, 加 대학과 R&D 협력…잠수함 수주 지원사격",2026-06-10 14:25:38,real_assets,2026-06-10
원유,호르무즈 첫 탈출 HMM 유조선 내일 울산 도착,2026-06-09 17:51:44,real_assets,2026-06-09
원유,호르무즈 첫 탈출 HMM 유조선…10일 울산항 입항,2026-06-09 17:42:26,real_assets,2026-06-09
원유,[송광섭 특파원의 차이나 프리즘] 반년 만에 다시 열린 ‘세기의 담판 美·中 확전 피하고 ‘관리’에 방점,2026-06-09 15:58:59,real_assets,2026-06-09
원유,"비바코, 연 1억800만 달러 규모 원유 거래 계약 체결",2026-06-09 06:16:56,real_assets,2026-06-09
원유,美 석유시추 활동 기지개…국내 강관업계 수혜받나,2026-06-08 17:53:23,real_assets,2026-06-08
원유,"삼성중공업, 3.6조원 규모 FLNG 본계약 체결",2026-06-08 16:54:26,real_assets,2026-06-08
원유,"알아서 수질 정화하는 K수상로봇, 중동 친환경시장 공략 나선다",2026-06-08 11:21:15,real_assets,2026-06-08
원유,"바빌론 “비트코인, 담보 기능 더해 진짜 금으로 만들 것” [매일코인]",2026-06-08 08:56:30,real_assets,2026-06-08
금값,"“그때 안 사길 잘했다”…고점서 미끄러진 金값, 골드바도 인기 급감",2026.06.17 22:18,real_assets,2026-06-17
금값,金값 하락에 투심도 꺾여…골드바 판매 반토막,2026.06.17 17:38,real_assets,2026-06-17
금값,‘금 불패’ 믿음 흔들...“눈높이 낮춰라”,2026.06.12 14:18,real_assets,2026-06-12
금값,하락 사이클 진입?…美 국채 금리 급등에 추락하는 금·은,2026.06.11 14:59,real_assets,2026-06-11
금값,월드컵 트로피에 순금 4.93kg…금값 급등에 트로피 가치 카타르 때보다 157% 늘어,2026.06.11 10:27,real_assets,2026-06-11
금값,美금리인상 가능성에…금·은 연일 급락,2026.06.10 17:50,real_assets,2026-06-10
금값,"“하나도 안 팔았다” 신봉선, 20년 묵힌 황금열쇠…수천만원 됐다",2026.06.09 06:51,real_assets,2026-06-09
WTI,Gov’t to lower fuel price cap as global oil prices retreat,2026.06.26 11:19,real_assets,2026-06-26
